USE cmsc128ab7l;

insert into admin (username, password) values ('admin1', 'admin1');
insert into admin (username, password) values ('admin2', 'admin2');

insert into faculty_user (username, password, employee_id, classification, given_name, middle_name, last_name, is_approved) values ('user1', SHA1('user1'), '5574-37484', 'Instructor', 'Steve', 'Lopez', 'Day', false);
insert into faculty_user (username, password, employee_id, classification, given_name, middle_name, last_name, is_approved) values ('user2', SHA1('user2'), '9939-55928', 'Assistant Professor', 'George', 'Grant', 'Smith', true);
insert into faculty_user (username, password, employee_id, classification, given_name, middle_name, last_name, is_approved) values ('user3', SHA1('user3'), '1042-55265', 'Professor', 'Brandon', 'Shaw', 'Welch', true);
insert into faculty_user (username, password, employee_id, classification, given_name, middle_name, last_name, is_approved) values ('user4', SHA1('user4'), '5505-10435', 'Assistant Professor', 'Kathy', 'Collins', 'Franklin', false);
insert into faculty_user (username, password, employee_id, classification, given_name, middle_name, last_name, is_approved) values ('user5', SHA1('user5'), '3145-91289', 'Assistant Professor', 'Paula', 'Gutierrez', 'Owens', true);
insert into faculty_user (username, password, employee_id, classification, given_name, middle_name, last_name, is_approved) values ('user6', SHA1('user6'), '4601-89751', 'Instructor', 'Linda', 'Peters', 'Mitchell', true);
insert into faculty_user (username, password, employee_id, classification, given_name, middle_name, last_name, is_approved) values ('user7', SHA1('user7'), '5773-80383', 'Assistant Professor', 'Gloria', 'George', 'Morgan', true);

insert into course (course_code, course_title, course_description) values ('cmsc123', 'cmsc123 - TITLE', 'cmsc123-DESCRIPTION');
insert into course (course_code, course_title, course_description) values ('cmsc125', 'cmsc125 - TITLE', 'cmsc125-DESCRIPTION');
insert into course (course_code, course_title, course_description) values ('cmsc127', 'cmsc127 - TITLE', 'cmsc127-DESCRIPTION');
insert into course (course_code, course_title, course_description) values ('cmsc130', 'cmsc130 - TITLE', 'cmsc130-DESCRIPTION');
insert into course (course_code, course_title, course_description) values ('cmsc170', 'cmsc170 - TITLE', 'cmsc170-DESCRIPTION');

insert into section (section_name, course_code) values ('AB-1L', 'cmsc170');
insert into section (section_name, course_code) values ('AB-1L', 'cmsc127');
insert into section (section_name, course_code) values ('AB-3L', 'cmsc127');
insert into section (section_name, course_code) values ('AB-3L', 'cmsc123');
insert into section (section_name, course_code) values ('AB-5L', 'cmsc127');
insert into section (section_name, course_code) values ('AB-5L', 'cmsc130');
insert into section (section_name, course_code) values ('AB-6L', 'cmsc130');
insert into section (section_name, course_code) values ('AB-7L', 'cmsc130');
insert into section (section_name, course_code) values ('AB-7L', 'cmsc127');
insert into section (section_name, course_code) values ('AB-7L', 'cmsc170');

insert into student (student_number, given_name, middle_name, last_name, degree, classification, college) values ('2543-71572', 'Ryan', 'Lynch', 'Ruiz', 'BACA', 'Freshman', 'CDC');
insert into student (student_number, given_name, middle_name, last_name, degree, classification, college) values ('8259-87475', 'Diane', 'Fuller', 'Rose', 'BSDC', 'Senior', 'CDC');
insert into student (student_number, given_name, middle_name, last_name, degree, classification, college) values ('5837-37427', 'Jeffrey', 'Franklin', 'Lane', 'BACA', 'Sophomore', 'CEAT');
insert into student (student_number, given_name, middle_name, last_name, degree, classification, college) values ('0653-02679', 'Frank', 'Martinez', 'Alexander', 'BACA', 'Junior', 'CAS');
insert into student (student_number, given_name, middle_name, last_name, degree, classification, college) values ('9894-33135', 'Debra', 'Bailey', 'Anderson', 'BSEE', 'Junior', 'CDC');
insert into student (student_number, given_name, middle_name, last_name, degree, classification, college) values ('8247-29716', 'Jack', 'Harper', 'Hunter', 'BACA', 'Freshman', 'CAS');
insert into student (student_number, given_name, middle_name, last_name, degree, classification, college) values ('4374-46904', 'Bruce', 'Miller', 'Mason', 'BSDC', 'Freshman', 'CEAT');
insert into student (student_number, given_name, middle_name, last_name, degree, classification, college) values ('6196-72748', 'Anthony', 'Russell', 'Simmons', 'BSIE', 'Sophomore', 'CEAT');
insert into student (student_number, given_name, middle_name, last_name, degree, classification, college) values ('6537-38982', 'Lori', 'Little', 'Ryan', 'BSCS', 'Freshman', 'CEAT');
insert into student (student_number, given_name, middle_name, last_name, degree, classification, college) values ('9612-57320', 'Charles', 'Davis', 'Hanson', 'BSSTAT', 'PhD', 'CAS');
insert into student (student_number, given_name, middle_name, last_name, degree, classification, college) values ('1888-20011', 'Evelyn', 'Wood', 'Wheeler', 'BSIE', 'Sophomore', 'CDC');
insert into student (student_number, given_name, middle_name, last_name, degree, classification, college) values ('4441-47790', 'Kenneth', 'Howard', 'Roberts', 'BSSTAT', 'PhD', 'CDC');
insert into student (student_number, given_name, middle_name, last_name, degree, classification, college) values ('0991-03047', 'Phillip', 'Gutierrez', 'Perez', 'BSDC', 'Masteral', 'CEAT');
insert into student (student_number, given_name, middle_name, last_name, degree, classification, college) values ('4782-07458', 'Steven', 'Alvarez', 'Webb', 'BSCS', 'Senior', 'CEAT');
insert into student (student_number, given_name, middle_name, last_name, degree, classification, college) values ('0177-77348', 'Anna', 'Scott', 'Cooper', 'BACA', 'Senior', 'CDC');
insert into student (student_number, given_name, middle_name, last_name, degree, classification, college) values ('3623-82102', 'Nancy', 'Little', 'Fields', 'BSSTAT', 'Freshman', 'CEAT');
insert into student (student_number, given_name, middle_name, last_name, degree, classification, college) values ('8356-29656', 'Katherine', 'Weaver', 'Oliver', 'BSCS', 'Sophomore', 'CEAT');
insert into student (student_number, given_name, middle_name, last_name, degree, classification, college) values ('2130-92494', 'Janet', 'Reynolds', 'Berry', 'BSCS', 'Masteral', 'CDC');
insert into student (student_number, given_name, middle_name, last_name, degree, classification, college) values ('5471-27654', 'Jerry', 'Murphy', 'Lopez', 'BACA', 'Freshman', 'CAS');
insert into student (student_number, given_name, middle_name, last_name, degree, classification, college) values ('1920-30310', 'Phillip', 'Lynch', 'Jenkins', 'BSIE', 'PhD', 'CAS');
insert into student (student_number, given_name, middle_name, last_name, degree, classification, college) values ('0182-06615', 'Raymond', 'Griffin', 'Ramos', 'BSSTAT', 'Sophomore', 'CAS');
insert into student (student_number, given_name, middle_name, last_name, degree, classification, college) values ('2502-54821', 'Lois', 'Carter', 'Campbell', 'BSEE', 'Sophomore', 'CEAT');
insert into student (student_number, given_name, middle_name, last_name, degree, classification, college) values ('9295-45260', 'Henry', 'Reynolds', 'Carroll', 'BSIE', 'Senior', 'CDC');
insert into student (student_number, given_name, middle_name, last_name, degree, classification, college) values ('4925-80720', 'Debra', 'Turner', 'Jacobs', 'BSIE', 'Freshman', 'CDC');
insert into student (student_number, given_name, middle_name, last_name, degree, classification, college) values ('0954-50381', 'Julia', 'Olson', 'Martin', 'BSDC', 'Senior', 'CEAT');
insert into student (student_number, given_name, middle_name, last_name, degree, classification, college) values ('5296-12610', 'Roy', 'Day', 'Rodriguez', 'BSIE', 'Masteral', 'CEAT');
insert into student (student_number, given_name, middle_name, last_name, degree, classification, college) values ('8366-68780', 'Scott', 'Peterson', 'Fernandez', 'BSSTAT', 'Freshman', 'CEAT');
insert into student (student_number, given_name, middle_name, last_name, degree, classification, college) values ('6484-43368', 'Ruby', 'Vasquez', 'Evans', 'BSIE', 'Masteral', 'CAS');
insert into student (student_number, given_name, middle_name, last_name, degree, classification, college) values ('0100-91245', 'Amy', 'Wilson', 'Hansen', 'BSCS', 'Freshman', 'CAS');
insert into student (student_number, given_name, middle_name, last_name, degree, classification, college) values ('4677-43070', 'Clarence', 'Campbell', 'Hudson', 'BSIE', 'Senior', 'CEAT');
insert into student (student_number, given_name, middle_name, last_name, degree, classification, college) values ('3240-86050', 'Lawrence', 'Martinez', 'Harrison', 'BSSTAT', 'Senior', 'CEAT');
insert into student (student_number, given_name, middle_name, last_name, degree, classification, college) values ('4612-54233', 'Robert', 'Lane', 'Carroll', 'BACA', 'Sophomore', 'CEAT');
insert into student (student_number, given_name, middle_name, last_name, degree, classification, college) values ('5457-02091', 'Heather', 'Scott', 'Matthews', 'BSIE', 'Freshman', 'CDC');
insert into student (student_number, given_name, middle_name, last_name, degree, classification, college) values ('4876-31467', 'Kathleen', 'Warren', 'Baker', 'BSCS', 'Sophomore', 'CAS');
insert into student (student_number, given_name, middle_name, last_name, degree, classification, college) values ('1044-34278', 'Marie', 'Riley', 'Stone', 'BSCS', 'Freshman', 'CDC');
insert into student (student_number, given_name, middle_name, last_name, degree, classification, college) values ('1100-87068', 'Wanda', 'Myers', 'Moreno', 'BSCS', 'Sophomore', 'CEAT');
insert into student (student_number, given_name, middle_name, last_name, degree, classification, college) values ('0580-07417', 'Wayne', 'Fox', 'Carpenter', 'BSEE', 'Senior', 'CAS');
insert into student (student_number, given_name, middle_name, last_name, degree, classification, college) values ('7455-36607', 'Debra', 'Gomez', 'Ryan', 'BSCS', 'Sophomore', 'CEAT');
insert into student (student_number, given_name, middle_name, last_name, degree, classification, college) values ('6198-53805', 'Mildred', 'Riley', 'Vasquez', 'BACA', 'Masteral', 'CAS');
insert into student (student_number, given_name, middle_name, last_name, degree, classification, college) values ('9513-36779', 'Carol', 'Thomas', 'Stephens', 'BSIE', 'Masteral', 'CAS');

insert into student (student_number, given_name, middle_name, last_name, degree, classification, college) values ('4538-10066', 'Jane', 'Bell', 'Cook', 'BSIE', 'Junior', 'CAS');
insert into student (student_number, given_name, middle_name, last_name, degree, classification, college) values ('8768-23159', 'Philip', 'Jones', 'Gutierrez', 'BSSTAT', 'Junior', 'CDC');
insert into student (student_number, given_name, middle_name, last_name, degree, classification, college) values ('1610-56107', 'Arthur', 'Banks', 'Jackson', 'BSDC', 'PhD', 'CAS');
insert into student (student_number, given_name, middle_name, last_name, degree, classification, college) values ('8466-99253', 'Charles', 'Reed', 'Clark', 'BSDC', 'Sophomore', 'CDC');
insert into student (student_number, given_name, middle_name, last_name, degree, classification, college) values ('2216-70978', 'Jessica', 'Phillips', 'Gibson', 'BSDC', 'Junior', 'CEAT');
insert into student (student_number, given_name, middle_name, last_name, degree, classification, college) values ('3314-44456', 'Debra', 'Mendoza', 'Armstrong', 'BSCS', 'Masteral', 'CDC');
insert into student (student_number, given_name, middle_name, last_name, degree, classification, college) values ('0335-94928', 'Betty', 'Clark', 'Rivera', 'BSCS', 'Sophomore', 'CEAT');
insert into student (student_number, given_name, middle_name, last_name, degree, classification, college) values ('9437-72826', 'Kathy', 'Arnold', 'Mendoza', 'BACA', 'Senior', 'CAS');
insert into student (student_number, given_name, middle_name, last_name, degree, classification, college) values ('2390-66772', 'Joshua', 'Murray', 'Reid', 'BSIE', 'Senior', 'CAS');
insert into student (student_number, given_name, middle_name, last_name, degree, classification, college) values ('1461-14878', 'Andrew', 'Hayes', 'Olson', 'BSIE', 'Senior', 'CEAT');
insert into student (student_number, given_name, middle_name, last_name, degree, classification, college) values ('3512-33930', 'Christopher', 'Bradley', 'Bishop', 'BSSTAT', 'Sophomore', 'CAS');
insert into student (student_number, given_name, middle_name, last_name, degree, classification, college) values ('6673-20735', 'Steven', 'Carroll', 'Carpenter', 'BSCS', 'Sophomore', 'CEAT');
insert into student (student_number, given_name, middle_name, last_name, degree, classification, college) values ('2930-20857', 'Denise', 'Taylor', 'Marshall', 'BSIE', 'Sophomore', 'CEAT');
insert into student (student_number, given_name, middle_name, last_name, degree, classification, college) values ('7230-57808', 'Todd', 'Lane', 'Ferguson', 'BSSTAT', 'PhD', 'CDC');
insert into student (student_number, given_name, middle_name, last_name, degree, classification, college) values ('2139-79921', 'Teresa', 'George', 'Garrett', 'BSDC', 'Sophomore', 'CDC');
insert into student (student_number, given_name, middle_name, last_name, degree, classification, college) values ('1769-55785', 'Clarence', 'Carpenter', 'Ruiz', 'BSDC', 'Senior', 'CEAT');
insert into student (student_number, given_name, middle_name, last_name, degree, classification, college) values ('2612-83677', 'Joyce', 'Patterson', 'Murray', 'BSCS', 'Senior', 'CEAT');
insert into student (student_number, given_name, middle_name, last_name, degree, classification, college) values ('9586-53588', 'Bonnie', 'Washington', 'Brooks', 'BSDC', 'Junior', 'CAS');
insert into student (student_number, given_name, middle_name, last_name, degree, classification, college) values ('8104-91374', 'Justin', 'Lopez', 'Long', 'BACA', 'PhD', 'CAS');
insert into student (student_number, given_name, middle_name, last_name, degree, classification, college) values ('8958-07218', 'Benjamin', 'Lewis', 'Reed', 'BSEE', 'Sophomore', 'CAS');
insert into student (student_number, given_name, middle_name, last_name, degree, classification, college) values ('9854-07219', 'Juan', 'Garrett', 'Smith', 'BSCS', 'Freshman', 'CDC');
insert into student (student_number, given_name, middle_name, last_name, degree, classification, college) values ('3793-45999', 'Sandra', 'Long', 'Bell', 'BSDC', 'Freshman', 'CDC');
insert into student (student_number, given_name, middle_name, last_name, degree, classification, college) values ('5693-65746', 'Joseph', 'Washington', 'Edwards', 'BSCS', 'PhD', 'CEAT');
insert into student (student_number, given_name, middle_name, last_name, degree, classification, college) values ('7716-70028', 'Keith', 'Williams', 'Anderson', 'BSIE', 'PhD', 'CDC');
insert into student (student_number, given_name, middle_name, last_name, degree, classification, college) values ('1371-96877', 'Louise', 'Thomas', 'Palmer', 'BSSTAT', 'Sophomore', 'CAS');
insert into student (student_number, given_name, middle_name, last_name, degree, classification, college) values ('5297-11136', 'Phyllis', 'Gray', 'Carr', 'BSIE', 'Sophomore', 'CAS');
insert into student (student_number, given_name, middle_name, last_name, degree, classification, college) values ('0461-81689', 'Roy', 'James', 'Duncan', 'BSCS', 'PhD', 'CAS');
insert into student (student_number, given_name, middle_name, last_name, degree, classification, college) values ('0572-14610', 'Fred', 'Arnold', 'Day', 'BACA', 'Sophomore', 'CDC');
insert into student (student_number, given_name, middle_name, last_name, degree, classification, college) values ('5276-16245', 'Daniel', 'Hansen', 'Davis', 'BSIE', 'PhD', 'CDC');
insert into student (student_number, given_name, middle_name, last_name, degree, classification, college) values ('5640-47039', 'Christine', 'Burns', 'Fox', 'BSDC', 'Masteral', 'CAS');
insert into student (student_number, given_name, middle_name, last_name, degree, classification, college) values ('7042-25759', 'Elizabeth', 'Gonzalez', 'Jacobs', 'BSEE', 'Sophomore', 'CAS');
insert into student (student_number, given_name, middle_name, last_name, degree, classification, college) values ('9459-80790', 'Michelle', 'Myers', 'Thompson', 'BSDC', 'Sophomore', 'CEAT');
insert into student (student_number, given_name, middle_name, last_name, degree, classification, college) values ('7457-42808', 'Sarah', 'Burton', 'Gomez', 'BSCS', 'Sophomore', 'CAS');
insert into student (student_number, given_name, middle_name, last_name, degree, classification, college) values ('9125-10728', 'Richard', 'Hansen', 'Bailey', 'BACA', 'Freshman', 'CAS');
insert into student (student_number, given_name, middle_name, last_name, degree, classification, college) values ('0037-65364', 'Samuel', 'Arnold', 'Kelley', 'BSEE', 'Masteral', 'CAS');
insert into student (student_number, given_name, middle_name, last_name, degree, classification, college) values ('1852-45873', 'Jesse', 'Jackson', 'Sanders', 'BSCS', 'PhD', 'CEAT');
insert into student (student_number, given_name, middle_name, last_name, degree, classification, college) values ('9234-15493', 'Amanda', 'Welch', 'Barnes', 'BSCS', 'Freshman', 'CEAT');
insert into student (student_number, given_name, middle_name, last_name, degree, classification, college) values ('8277-54308', 'Julie', 'Foster', 'Wright', 'BSSTAT', 'Junior', 'CEAT');
insert into student (student_number, given_name, middle_name, last_name, degree, classification, college) values ('5436-77648', 'Gloria', 'Burton', 'Austin', 'BSEE', 'Freshman', 'CDC');
insert into student (student_number, given_name, middle_name, last_name, degree, classification, college) values ('8421-63608', 'Victor', 'Perez', 'Armstrong', 'BSSTAT', 'Masteral', 'CEAT');

insert into student (student_number, given_name, middle_name, last_name, degree, classification, college) values ('5821-49971', 'Denise', 'Hayes', 'Fisher', 'BSDC', 'Senior', 'CDC');
insert into student (student_number, given_name, middle_name, last_name, degree, classification, college) values ('3399-68354', 'Jerry', 'Bowman', 'Bishop', 'BSIE', 'PhD', 'CEAT');
insert into student (student_number, given_name, middle_name, last_name, degree, classification, college) values ('8202-86777', 'Lois', 'Cox', 'Andrews', 'BSCS', 'Junior', 'CDC');
insert into student (student_number, given_name, middle_name, last_name, degree, classification, college) values ('6446-14273', 'Diane', 'Ray', 'Roberts', 'BSSTAT', 'Freshman', 'CAS');
insert into student (student_number, given_name, middle_name, last_name, degree, classification, college) values ('9700-09383', 'Albert', 'Diaz', 'Jackson', 'BSIE', 'Sophomore', 'CAS');
insert into student (student_number, given_name, middle_name, last_name, degree, classification, college) values ('0958-06412', 'Nicole', 'Perez', 'Kennedy', 'BSEE', 'Masteral', 'CAS');
insert into student (student_number, given_name, middle_name, last_name, degree, classification, college) values ('7790-89867', 'Clarence', 'Berry', 'Torres', 'BACA', 'PhD', 'CDC');
insert into student (student_number, given_name, middle_name, last_name, degree, classification, college) values ('6599-16035', 'Dorothy', 'Stewart', 'Gray', 'BSEE', 'Junior', 'CEAT');
insert into student (student_number, given_name, middle_name, last_name, degree, classification, college) values ('5650-83551', 'Antonio', 'Flores', 'Olson', 'BSSTAT', 'Junior', 'CAS');
insert into student (student_number, given_name, middle_name, last_name, degree, classification, college) values ('9848-18797', 'Evelyn', 'Peterson', 'Wallace', 'BSIE', 'Masteral', 'CEAT');
insert into student (student_number, given_name, middle_name, last_name, degree, classification, college) values ('0972-37062', 'Roger', 'Garrett', 'Wheeler', 'BACA', 'Masteral', 'CDC');
insert into student (student_number, given_name, middle_name, last_name, degree, classification, college) values ('2357-96492', 'Robin', 'Washington', 'Patterson', 'BACA', 'Freshman', 'CAS');
insert into student (student_number, given_name, middle_name, last_name, degree, classification, college) values ('7504-42347', 'Ernest', 'Harris', 'Garza', 'BSIE', 'Masteral', 'CEAT');
insert into student (student_number, given_name, middle_name, last_name, degree, classification, college) values ('2851-89270', 'Anne', 'Lopez', 'Harvey', 'BACA', 'Senior', 'CEAT');
insert into student (student_number, given_name, middle_name, last_name, degree, classification, college) values ('5252-78495', 'Donald', 'Wilson', 'Reynolds', 'BSIE', 'Freshman', 'CDC');
insert into student (student_number, given_name, middle_name, last_name, degree, classification, college) values ('9752-70154', 'Kathleen', 'Gonzalez', 'Williamson', 'BSSTAT', 'Senior', 'CEAT');
insert into student (student_number, given_name, middle_name, last_name, degree, classification, college) values ('4857-03091', 'Brian', 'Murphy', 'Payne', 'BACA', 'PhD', 'CEAT');
insert into student (student_number, given_name, middle_name, last_name, degree, classification, college) values ('2013-00197', 'Jennifer', 'Chavez', 'Richards', 'BSEE', 'Senior', 'CDC');
insert into student (student_number, given_name, middle_name, last_name, degree, classification, college) values ('4873-60106', 'Catherine', 'Chapman', 'Ruiz', 'BSDC', 'Masteral', 'CAS');
insert into student (student_number, given_name, middle_name, last_name, degree, classification, college) values ('4759-30299', 'Fred', 'Reynolds', 'Harper', 'BSEE', 'Senior', 'CDC');
insert into student (student_number, given_name, middle_name, last_name, degree, classification, college) values ('5712-99545', 'Terry', 'Peters', 'Holmes', 'BSSTAT', 'PhD', 'CAS');
insert into student (student_number, given_name, middle_name, last_name, degree, classification, college) values ('4923-88408', 'Joseph', 'Henry', 'Evans', 'BSEE', 'Sophomore', 'CAS');
insert into student (student_number, given_name, middle_name, last_name, degree, classification, college) values ('1935-14837', 'Earl', 'Crawford', 'Hill', 'BSCS', 'Freshman', 'CAS');
insert into student (student_number, given_name, middle_name, last_name, degree, classification, college) values ('0064-81492', 'Jeremy', 'Wilson', 'Scott', 'BSDC', 'Senior', 'CDC');
insert into student (student_number, given_name, middle_name, last_name, degree, classification, college) values ('5282-50867', 'Tammy', 'Jenkins', 'Watson', 'BSSTAT', 'Junior', 'CAS');
insert into student (student_number, given_name, middle_name, last_name, degree, classification, college) values ('6926-48407', 'Brandon', 'Porter', 'Reyes', 'BACA', 'Junior', 'CDC');
insert into student (student_number, given_name, middle_name, last_name, degree, classification, college) values ('0480-80534', 'Lisa', 'Burton', 'Gilbert', 'BACA', 'Sophomore', 'CAS');
insert into student (student_number, given_name, middle_name, last_name, degree, classification, college) values ('8450-67460', 'Rebecca', 'Taylor', 'Mcdonald', 'BSIE', 'Freshman', 'CAS');
insert into student (student_number, given_name, middle_name, last_name, degree, classification, college) values ('4475-15242', 'Michelle', 'Ortiz', 'Mccoy', 'BSEE', 'PhD', 'CAS');
insert into student (student_number, given_name, middle_name, last_name, degree, classification, college) values ('8910-14041', 'Judith', 'Young', 'Patterson', 'BACA', 'Senior', 'CEAT');
insert into student (student_number, given_name, middle_name, last_name, degree, classification, college) values ('3289-67217', 'Jimmy', 'Thompson', 'Young', 'BACA', 'Masteral', 'CAS');
insert into student (student_number, given_name, middle_name, last_name, degree, classification, college) values ('1668-97586', 'Steve', 'Brooks', 'Watkins', 'BACA', 'Masteral', 'CAS');
insert into student (student_number, given_name, middle_name, last_name, degree, classification, college) values ('4226-83326', 'Ruth', 'Lane', 'Webb', 'BSEE', 'Masteral', 'CAS');
insert into student (student_number, given_name, middle_name, last_name, degree, classification, college) values ('1596-92585', 'Rachel', 'Wells', 'Dean', 'BSCS', 'Junior', 'CEAT');
insert into student (student_number, given_name, middle_name, last_name, degree, classification, college) values ('0959-03263', 'Clarence', 'Reed', 'Reyes', 'BACA', 'Sophomore', 'CAS');
insert into student (student_number, given_name, middle_name, last_name, degree, classification, college) values ('5498-60545', 'Howard', 'Chapman', 'Robertson', 'BSSTAT', 'PhD', 'CAS');
insert into student (student_number, given_name, middle_name, last_name, degree, classification, college) values ('9642-38534', 'Lawrence', 'Wallace', 'Gardner', 'BACA', 'Freshman', 'CEAT');
insert into student (student_number, given_name, middle_name, last_name, degree, classification, college) values ('3110-31997', 'Rachel', 'Lawson', 'Berry', 'BACA', 'Freshman', 'CDC');
insert into student (student_number, given_name, middle_name, last_name, degree, classification, college) values ('2230-13128', 'Nancy', 'Stewart', 'Williamson', 'BSSTAT', 'Sophomore', 'CEAT');
insert into student (student_number, given_name, middle_name, last_name, degree, classification, college) values ('9606-12899', 'Nicholas', 'Coleman', 'Stevens', 'BSDC', 'Masteral', 'CEAT');
insert into student (student_number, given_name, middle_name, last_name, degree, classification, college) values ('6788-39737', 'Larry', 'Carter', 'Gonzales', 'BACA', 'Junior', 'CAS');

insert into student (student_number, given_name, middle_name, last_name, degree, classification, college) values ('6274-70354', 'Johnny', 'Rodriguez', 'Simmons', 'BSSTAT', 'Freshman', 'CEAT');
insert into student (student_number, given_name, middle_name, last_name, degree, classification, college) values ('5151-90883', 'Gary', 'Berry', 'Banks', 'BACA', 'Masteral', 'CAS');
insert into student (student_number, given_name, middle_name, last_name, degree, classification, college) values ('7342-07479', 'Julia', 'Woods', 'Palmer', 'BSSTAT', 'PhD', 'CDC');
insert into student (student_number, given_name, middle_name, last_name, degree, classification, college) values ('7937-75788', 'Eric', 'Mccoy', 'Russell', 'BACA', 'Freshman', 'CEAT');
insert into student (student_number, given_name, middle_name, last_name, degree, classification, college) values ('3738-61808', 'Ann', 'Warren', 'Ramos', 'BSEE', 'Junior', 'CAS');
insert into student (student_number, given_name, middle_name, last_name, degree, classification, college) values ('2328-19814', 'Jessica', 'Medina', 'Ramos', 'BSCS', 'Freshman', 'CEAT');
insert into student (student_number, given_name, middle_name, last_name, degree, classification, college) values ('2565-73675', 'Ruth', 'Graham', 'Edwards', 'BSSTAT', 'Senior', 'CEAT');
insert into student (student_number, given_name, middle_name, last_name, degree, classification, college) values ('8162-28629', 'Kathleen', 'Parker', 'Kelley', 'BACA', 'Junior', 'CDC');
insert into student (student_number, given_name, middle_name, last_name, degree, classification, college) values ('6405-99798', 'Susan', 'Martinez', 'Castillo', 'BACA', 'Senior', 'CAS');
insert into student (student_number, given_name, middle_name, last_name, degree, classification, college) values ('8368-05737', 'Ernest', 'Mcdonald', 'Jacobs', 'BACA', 'Masteral', 'CEAT');
insert into student (student_number, given_name, middle_name, last_name, degree, classification, college) values ('4337-97687', 'Jennifer', 'Smith', 'Peters', 'BSSTAT', 'Freshman', 'CAS');
insert into student (student_number, given_name, middle_name, last_name, degree, classification, college) values ('2878-60406', 'Terry', 'Shaw', 'Tucker', 'BACA', 'Sophomore', 'CEAT');
insert into student (student_number, given_name, middle_name, last_name, degree, classification, college) values ('6434-14511', 'Joseph', 'Robertson', 'Hayes', 'BSSTAT', 'Masteral', 'CAS');
insert into student (student_number, given_name, middle_name, last_name, degree, classification, college) values ('0829-20848', 'Mary', 'Rodriguez', 'Webb', 'BACA', 'Sophomore', 'CDC');
insert into student (student_number, given_name, middle_name, last_name, degree, classification, college) values ('5313-74732', 'Annie', 'Montgomery', 'Little', 'BSDC', 'Freshman', 'CAS');
insert into student (student_number, given_name, middle_name, last_name, degree, classification, college) values ('7092-92327', 'Amanda', 'Lawson', 'Lee', 'BACA', 'Sophomore', 'CAS');
insert into student (student_number, given_name, middle_name, last_name, degree, classification, college) values ('2642-63285', 'Marilyn', 'Flores', 'Edwards', 'BSCS', 'Masteral', 'CDC');
insert into student (student_number, given_name, middle_name, last_name, degree, classification, college) values ('9754-04946', 'Irene', 'Webb', 'Stewart', 'BACA', 'Masteral', 'CEAT');
insert into student (student_number, given_name, middle_name, last_name, degree, classification, college) values ('0264-48548', 'Mary', 'Hall', 'Lawson', 'BSCS', 'Masteral', 'CDC');
insert into student (student_number, given_name, middle_name, last_name, degree, classification, college) values ('6820-13751', 'Wayne', 'Welch', 'Davis', 'BSSTAT', 'PhD', 'CEAT');
insert into student (student_number, given_name, middle_name, last_name, degree, classification, college) values ('7826-25746', 'Judy', 'Sanchez', 'Welch', 'BSDC', 'Sophomore', 'CEAT');
insert into student (student_number, given_name, middle_name, last_name, degree, classification, college) values ('2472-58362', 'Andrew', 'Hart', 'Long', 'BSIE', 'Junior', 'CAS');
insert into student (student_number, given_name, middle_name, last_name, degree, classification, college) values ('2539-02152', 'Patrick', 'Powell', 'Hernandez', 'BSSTAT', 'Masteral', 'CEAT');
insert into student (student_number, given_name, middle_name, last_name, degree, classification, college) values ('0910-59111', 'Jimmy', 'Stewart', 'Olson', 'BSSTAT', 'PhD', 'CDC');
insert into student (student_number, given_name, middle_name, last_name, degree, classification, college) values ('0312-39933', 'Phillip', 'Lee', 'Washington', 'BSIE', 'Junior', 'CEAT');
insert into student (student_number, given_name, middle_name, last_name, degree, classification, college) values ('3823-91915', 'Martha', 'Nelson', 'Riley', 'BSIE', 'PhD', 'CAS');
insert into student (student_number, given_name, middle_name, last_name, degree, classification, college) values ('2238-69849', 'Jeremy', 'Hughes', 'Hansen', 'BSSTAT', 'Senior', 'CDC');
insert into student (student_number, given_name, middle_name, last_name, degree, classification, college) values ('9560-93151', 'Shirley', 'Ross', 'Woods', 'BSDC', 'Freshman', 'CAS');
insert into student (student_number, given_name, middle_name, last_name, degree, classification, college) values ('9602-45981', 'Joe', 'Russell', 'Perkins', 'BACA', 'Sophomore', 'CDC');
insert into student (student_number, given_name, middle_name, last_name, degree, classification, college) values ('0493-95674', 'Roger', 'Burns', 'Ruiz', 'BSEE', 'Masteral', 'CDC');
insert into student (student_number, given_name, middle_name, last_name, degree, classification, college) values ('6323-42118', 'Lori', 'Snyder', 'Holmes', 'BACA', 'Freshman', 'CDC');
insert into student (student_number, given_name, middle_name, last_name, degree, classification, college) values ('2879-30431', 'Anne', 'Vasquez', 'Boyd', 'BSSTAT', 'Junior', 'CAS');
insert into student (student_number, given_name, middle_name, last_name, degree, classification, college) values ('3206-30676', 'Stephanie', 'Moreno', 'Bradley', 'BACA', 'Masteral', 'CAS');
insert into student (student_number, given_name, middle_name, last_name, degree, classification, college) values ('6803-01661', 'Brenda', 'Porter', 'Phillips', 'BSDC', 'Masteral', 'CDC');
insert into student (student_number, given_name, middle_name, last_name, degree, classification, college) values ('5859-51074', 'Gary', 'Bailey', 'Henry', 'BSIE', 'Junior', 'CAS');
insert into student (student_number, given_name, middle_name, last_name, degree, classification, college) values ('1917-29866', 'Susan', 'Butler', 'Gonzalez', 'BSSTAT', 'Freshman', 'CEAT');
insert into student (student_number, given_name, middle_name, last_name, degree, classification, college) values ('9768-79834', 'Joan', 'Moreno', 'Ellis', 'BSCS', 'PhD', 'CDC');
insert into student (student_number, given_name, middle_name, last_name, degree, classification, college) values ('9450-87398', 'Russell', 'Robertson', 'Ortiz', 'BSDC', 'Sophomore', 'CEAT');
insert into student (student_number, given_name, middle_name, last_name, degree, classification, college) values ('9833-94881', 'Louise', 'Foster', 'Vasquez', 'BSEE', 'Sophomore', 'CEAT');
insert into student (student_number, given_name, middle_name, last_name, degree, classification, college) values ('9935-53631', 'Maria', 'Cunningham', 'Lawson', 'BACA', 'Masteral', 'CDC');

insert into student (student_number, given_name, middle_name, last_name, degree, classification, college) values ('8467-90517', 'Lillian', 'Hayes', 'Larson', 'BSEE', 'Junior', 'CDC');
insert into student (student_number, given_name, middle_name, last_name, degree, classification, college) values ('6184-75137', 'Jack', 'Sullivan', 'Turner', 'BSCS', 'PhD', 'CEAT');
insert into student (student_number, given_name, middle_name, last_name, degree, classification, college) values ('7121-74719', 'William', 'Hill', 'Stanley', 'BSIE', 'Masteral', 'CDC');
insert into student (student_number, given_name, middle_name, last_name, degree, classification, college) values ('8571-96760', 'Denise', 'Ellis', 'Gonzalez', 'BSCS', 'Sophomore', 'CAS');
insert into student (student_number, given_name, middle_name, last_name, degree, classification, college) values ('5374-06881', 'Frances', 'Little', 'Lane', 'BACA', 'Senior', 'CAS');
insert into student (student_number, given_name, middle_name, last_name, degree, classification, college) values ('3199-49731', 'Doris', 'Stevens', 'Romero', 'BSCS', 'Masteral', 'CEAT');
insert into student (student_number, given_name, middle_name, last_name, degree, classification, college) values ('8132-53525', 'Peter', 'Jenkins', 'Montgomery', 'BSIE', 'Junior', 'CAS');
insert into student (student_number, given_name, middle_name, last_name, degree, classification, college) values ('0663-15460', 'Gary', 'Gardner', 'Gardner', 'BSIE', 'PhD', 'CAS');
insert into student (student_number, given_name, middle_name, last_name, degree, classification, college) values ('3489-34367', 'Shirley', 'Nelson', 'Jordan', 'BSCS', 'Masteral', 'CAS');
insert into student (student_number, given_name, middle_name, last_name, degree, classification, college) values ('7518-38256', 'Ruby', 'Sullivan', 'Wood', 'BSIE', 'PhD', 'CEAT');
insert into student (student_number, given_name, middle_name, last_name, degree, classification, college) values ('2957-99264', 'Willie', 'Gonzales', 'Baker', 'BSDC', 'PhD', 'CEAT');
insert into student (student_number, given_name, middle_name, last_name, degree, classification, college) values ('2981-53789', 'Janice', 'Larson', 'Little', 'BSDC', 'Senior', 'CDC');
insert into student (student_number, given_name, middle_name, last_name, degree, classification, college) values ('2412-16941', 'Gregory', 'Jacobs', 'Dean', 'BSSTAT', 'Junior', 'CDC');
insert into student (student_number, given_name, middle_name, last_name, degree, classification, college) values ('0444-65309', 'Joshua', 'Daniels', 'Berry', 'BSDC', 'Senior', 'CDC');
insert into student (student_number, given_name, middle_name, last_name, degree, classification, college) values ('6503-78174', 'Dennis', 'Daniels', 'Alvarez', 'BSCS', 'Junior', 'CAS');
insert into student (student_number, given_name, middle_name, last_name, degree, classification, college) values ('8140-34204', 'Clarence', 'Young', 'Sims', 'BACA', 'Freshman', 'CDC');
insert into student (student_number, given_name, middle_name, last_name, degree, classification, college) values ('5011-45409', 'Catherine', 'Crawford', 'King', 'BSCS', 'Sophomore', 'CDC');
insert into student (student_number, given_name, middle_name, last_name, degree, classification, college) values ('7951-76326', 'Antonio', 'Bradley', 'Hunt', 'BSDC', 'Freshman', 'CEAT');
insert into student (student_number, given_name, middle_name, last_name, degree, classification, college) values ('7123-66855', 'Phillip', 'Knight', 'Carroll', 'BACA', 'Junior', 'CEAT');
insert into student (student_number, given_name, middle_name, last_name, degree, classification, college) values ('2192-15650', 'Ernest', 'Lawrence', 'Green', 'BSIE', 'Senior', 'CAS');
insert into student (student_number, given_name, middle_name, last_name, degree, classification, college) values ('2763-36439', 'Clarence', 'Meyer', 'Wheeler', 'BSDC', 'Senior', 'CAS');
insert into student (student_number, given_name, middle_name, last_name, degree, classification, college) values ('3805-03123', 'Alan', 'Graham', 'Vasquez', 'BSSTAT', 'PhD', 'CAS');
insert into student (student_number, given_name, middle_name, last_name, degree, classification, college) values ('4543-76317', 'Joan', 'Oliver', 'Bryant', 'BSIE', 'Senior', 'CAS');
insert into student (student_number, given_name, middle_name, last_name, degree, classification, college) values ('1286-39484', 'Anthony', 'Moore', 'Fields', 'BSEE', 'PhD', 'CAS');
insert into student (student_number, given_name, middle_name, last_name, degree, classification, college) values ('7802-19479', 'Doris', 'Gardner', 'Nichols', 'BSCS', 'Masteral', 'CAS');
insert into student (student_number, given_name, middle_name, last_name, degree, classification, college) values ('4953-95709', 'Stephanie', 'Watkins', 'Montgomery', 'BSEE', 'PhD', 'CEAT');
insert into student (student_number, given_name, middle_name, last_name, degree, classification, college) values ('8734-79024', 'Laura', 'Campbell', 'Wood', 'BACA', 'Freshman', 'CDC');
insert into student (student_number, given_name, middle_name, last_name, degree, classification, college) values ('7892-47203', 'Harold', 'Cook', 'Watson', 'BSDC', 'Senior', 'CAS');
insert into student (student_number, given_name, middle_name, last_name, degree, classification, college) values ('0033-82017', 'Virginia', 'Ramos', 'Nelson', 'BSSTAT', 'Masteral', 'CAS');
insert into student (student_number, given_name, middle_name, last_name, degree, classification, college) values ('7041-29360', 'Angela', 'Reynolds', 'Weaver', 'BSIE', 'Senior', 'CAS');
insert into student (student_number, given_name, middle_name, last_name, degree, classification, college) values ('9568-69250', 'Beverly', 'Carroll', 'Lopez', 'BSSTAT', 'Freshman', 'CAS');
insert into student (student_number, given_name, middle_name, last_name, degree, classification, college) values ('9245-32985', 'Diana', 'Burton', 'Clark', 'BSIE', 'Masteral', 'CAS');
insert into student (student_number, given_name, middle_name, last_name, degree, classification, college) values ('7297-64531', 'Mary', 'Martin', 'Morrison', 'BACA', 'Junior', 'CEAT');
insert into student (student_number, given_name, middle_name, last_name, degree, classification, college) values ('1781-78637', 'Charles', 'Fowler', 'Hernandez', 'BSCS', 'Sophomore', 'CAS');
insert into student (student_number, given_name, middle_name, last_name, degree, classification, college) values ('4210-79905', 'Janet', 'Evans', 'Lawrence', 'BSCS', 'Sophomore', 'CAS');
insert into student (student_number, given_name, middle_name, last_name, degree, classification, college) values ('4105-44400', 'Denise', 'Chapman', 'Jones', 'BSSTAT', 'PhD', 'CDC');
insert into student (student_number, given_name, middle_name, last_name, degree, classification, college) values ('7072-12078', 'Frances', 'Rogers', 'Fisher', 'BSSTAT', 'Freshman', 'CEAT');
insert into student (student_number, given_name, middle_name, last_name, degree, classification, college) values ('2515-67910', 'Alan', 'Ferguson', 'Reid', 'BACA', 'Senior', 'CAS');
insert into student (student_number, given_name, middle_name, last_name, degree, classification, college) values ('0445-72086', 'Joan', 'Mason', 'Ortiz', 'BSSTAT', 'Sophomore', 'CDC');
insert into student (student_number, given_name, middle_name, last_name, degree, classification, college) values ('6927-60693', 'Paula', 'Bradley', 'Bailey', 'BSDC', 'Senior', 'CDC');
insert into student (student_number, given_name, middle_name, last_name, degree, classification, college) values ('6259-38328', 'Willie', 'Perry', 'Ross', 'BSDC', 'Senior', 'CEAT');

insert into student (student_number, given_name, middle_name, last_name, degree, classification, college) values ('0967-02383', 'Sara', 'Moreno', 'Turner', 'BACA', 'Sophomore', 'CEAT');
insert into student (student_number, given_name, middle_name, last_name, degree, classification, college) values ('5849-30844', 'Gregory', 'Reyes', 'Watson', 'BACA', 'Freshman', 'CEAT');
insert into student (student_number, given_name, middle_name, last_name, degree, classification, college) values ('8016-52333', 'Peter', 'Boyd', 'Garcia', 'BSCS', 'Masteral', 'CAS');
insert into student (student_number, given_name, middle_name, last_name, degree, classification, college) values ('9670-98852', 'Annie', 'King', 'Harris', 'BSSTAT', 'Senior', 'CDC');
insert into student (student_number, given_name, middle_name, last_name, degree, classification, college) values ('0444-41226', 'Joan', 'Tucker', 'Morris', 'BACA', 'Freshman', 'CDC');
insert into student (student_number, given_name, middle_name, last_name, degree, classification, college) values ('2201-75434', 'Stephanie', 'Young', 'Carroll', 'BSSTAT', 'Senior', 'CAS');
insert into student (student_number, given_name, middle_name, last_name, degree, classification, college) values ('6778-54998', 'Samuel', 'Morrison', 'Williamson', 'BSDC', 'Sophomore', 'CEAT');
insert into student (student_number, given_name, middle_name, last_name, degree, classification, college) values ('1671-88053', 'Joseph', 'Hansen', 'Bradley', 'BSIE', 'Masteral', 'CAS');
insert into student (student_number, given_name, middle_name, last_name, degree, classification, college) values ('3125-57796', 'Timothy', 'Mason', 'Hawkins', 'BACA', 'PhD', 'CDC');
insert into student (student_number, given_name, middle_name, last_name, degree, classification, college) values ('6605-02059', 'Alice', 'Carpenter', 'Willis', 'BSCS', 'Junior', 'CAS');
insert into student (student_number, given_name, middle_name, last_name, degree, classification, college) values ('7200-45440', 'Russell', 'Howard', 'Ramos', 'BSSTAT', 'Sophomore', 'CAS');
insert into student (student_number, given_name, middle_name, last_name, degree, classification, college) values ('1367-13901', 'Stephen', 'Berry', 'Gonzales', 'BSIE', 'Senior', 'CEAT');
insert into student (student_number, given_name, middle_name, last_name, degree, classification, college) values ('7847-97763', 'Sarah', 'Diaz', 'Holmes', 'BSEE', 'Junior', 'CAS');
insert into student (student_number, given_name, middle_name, last_name, degree, classification, college) values ('8737-62526', 'Julia', 'Anderson', 'Johnson', 'BSIE', 'Masteral', 'CAS');
insert into student (student_number, given_name, middle_name, last_name, degree, classification, college) values ('7000-67383', 'Sharon', 'Bradley', 'Palmer', 'BSDC', 'Freshman', 'CDC');
insert into student (student_number, given_name, middle_name, last_name, degree, classification, college) values ('7349-81844', 'Michelle', 'Andrews', 'Lopez', 'BSCS', 'Junior', 'CAS');
insert into student (student_number, given_name, middle_name, last_name, degree, classification, college) values ('7074-42124', 'Judith', 'Coleman', 'Fields', 'BACA', 'Senior', 'CAS');
insert into student (student_number, given_name, middle_name, last_name, degree, classification, college) values ('6222-22264', 'Kathleen', 'Mills', 'Mitchell', 'BSDC', 'Freshman', 'CAS');
insert into student (student_number, given_name, middle_name, last_name, degree, classification, college) values ('4699-13431', 'Irene', 'Fowler', 'Thomas', 'BSEE', 'Sophomore', 'CAS');
insert into student (student_number, given_name, middle_name, last_name, degree, classification, college) values ('4071-60365', 'Catherine', 'Owens', 'Morris', 'BACA', 'PhD', 'CDC');
insert into student (student_number, given_name, middle_name, last_name, degree, classification, college) values ('8044-70674', 'Kathy', 'Stanley', 'Palmer', 'BSDC', 'Masteral', 'CDC');
insert into student (student_number, given_name, middle_name, last_name, degree, classification, college) values ('6877-34567', 'Jessica', 'Hill', 'Smith', 'BSSTAT', 'Freshman', 'CDC');
insert into student (student_number, given_name, middle_name, last_name, degree, classification, college) values ('1416-69402', 'Virginia', 'Bailey', 'Rogers', 'BSDC', 'Sophomore', 'CEAT');
insert into student (student_number, given_name, middle_name, last_name, degree, classification, college) values ('5929-98020', 'Gerald', 'Duncan', 'Webb', 'BSEE', 'Masteral', 'CDC');
insert into student (student_number, given_name, middle_name, last_name, degree, classification, college) values ('4493-78513', 'Helen', 'Bennett', 'Carr', 'BSCS', 'Freshman', 'CDC');
insert into student (student_number, given_name, middle_name, last_name, degree, classification, college) values ('6257-52914', 'Edward', 'Cook', 'Kelley', 'BSEE', 'Freshman', 'CAS');
insert into student (student_number, given_name, middle_name, last_name, degree, classification, college) values ('7921-68031', 'Craig', 'Ferguson', 'Hunt', 'BSEE', 'Freshman', 'CAS');
insert into student (student_number, given_name, middle_name, last_name, degree, classification, college) values ('7674-47491', 'Alan', 'Martinez', 'Kennedy', 'BSEE', 'Junior', 'CEAT');
insert into student (student_number, given_name, middle_name, last_name, degree, classification, college) values ('2610-48038', 'Eric', 'Banks', 'George', 'BSDC', 'Freshman', 'CAS');
insert into student (student_number, given_name, middle_name, last_name, degree, classification, college) values ('2997-62403', 'Shirley', 'Medina', 'Gardner', 'BSEE', 'Junior', 'CAS');
insert into student (student_number, given_name, middle_name, last_name, degree, classification, college) values ('9991-93090', 'Maria', 'Hudson', 'Cunningham', 'BACA', 'Sophomore', 'CAS');
insert into student (student_number, given_name, middle_name, last_name, degree, classification, college) values ('1260-13445', 'Joe', 'Romero', 'Howell', 'BACA', 'Junior', 'CAS');
insert into student (student_number, given_name, middle_name, last_name, degree, classification, college) values ('2627-42489', 'Scott', 'Meyer', 'Torres', 'BSDC', 'PhD', 'CDC');
insert into student (student_number, given_name, middle_name, last_name, degree, classification, college) values ('4149-48838', 'Rachel', 'Larson', 'Williamson', 'BSDC', 'Masteral', 'CDC');
insert into student (student_number, given_name, middle_name, last_name, degree, classification, college) values ('8965-01313', 'Paula', 'Frazier', 'Bryant', 'BSDC', 'Masteral', 'CDC');
insert into student (student_number, given_name, middle_name, last_name, degree, classification, college) values ('6704-00663', 'Paula', 'Hill', 'Cunningham', 'BSEE', 'Junior', 'CDC');
insert into student (student_number, given_name, middle_name, last_name, degree, classification, college) values ('4766-99288', 'Cynthia', 'Butler', 'Allen', 'BSCS', 'PhD', 'CDC');
insert into student (student_number, given_name, middle_name, last_name, degree, classification, college) values ('5132-73677', 'Janet', 'Taylor', 'Henry', 'BSSTAT', 'Senior', 'CAS');
insert into student (student_number, given_name, middle_name, last_name, degree, classification, college) values ('7096-95193', 'George', 'Perry', 'Allen', 'BSIE', 'Freshman', 'CDC');
insert into student (student_number, given_name, middle_name, last_name, degree, classification, college) values ('7508-39104', 'Marie', 'Rivera', 'Wheeler', 'BSIE', 'PhD', 'CDC');

insert into student (student_number, given_name, middle_name, last_name, degree, classification, college) values ('8639-76508', 'Stephanie', 'Olson', 'Jacobs', 'BSCS', 'Senior', 'CDC');
insert into student (student_number, given_name, middle_name, last_name, degree, classification, college) values ('6139-19853', 'Sara', 'Miller', 'Gonzales', 'BSSTAT', 'Sophomore', 'CDC');
insert into student (student_number, given_name, middle_name, last_name, degree, classification, college) values ('3396-50985', 'Joyce', 'Lewis', 'Mills', 'BSCS', 'Junior', 'CEAT');
insert into student (student_number, given_name, middle_name, last_name, degree, classification, college) values ('0032-49561', 'Kelly', 'Rose', 'Daniels', 'BSEE', 'Freshman', 'CDC');
insert into student (student_number, given_name, middle_name, last_name, degree, classification, college) values ('7258-93030', 'Stephanie', 'Mitchell', 'Powell', 'BSEE', 'Freshman', 'CEAT');
insert into student (student_number, given_name, middle_name, last_name, degree, classification, college) values ('6603-57789', 'Tina', 'Brown', 'Simpson', 'BSDC', 'Masteral', 'CAS');
insert into student (student_number, given_name, middle_name, last_name, degree, classification, college) values ('9683-45743', 'Martha', 'Wheeler', 'Flores', 'BSIE', 'PhD', 'CDC');
insert into student (student_number, given_name, middle_name, last_name, degree, classification, college) values ('1768-40968', 'Roy', 'Bishop', 'Kelly', 'BSSTAT', 'Senior', 'CDC');
insert into student (student_number, given_name, middle_name, last_name, degree, classification, college) values ('5201-46098', 'Theresa', 'Parker', 'Schmidt', 'BSIE', 'Senior', 'CEAT');
insert into student (student_number, given_name, middle_name, last_name, degree, classification, college) values ('6284-60235', 'Kathleen', 'Sims', 'Medina', 'BSSTAT', 'Sophomore', 'CAS');
insert into student (student_number, given_name, middle_name, last_name, degree, classification, college) values ('8402-37536', 'Terry', 'Anderson', 'Murphy', 'BSDC', 'Junior', 'CEAT');
insert into student (student_number, given_name, middle_name, last_name, degree, classification, college) values ('6380-18218', 'William', 'Green', 'Rose', 'BSIE', 'Masteral', 'CDC');
insert into student (student_number, given_name, middle_name, last_name, degree, classification, college) values ('0053-31946', 'Joshua', 'George', 'Williams', 'BSDC', 'Senior', 'CDC');
insert into student (student_number, given_name, middle_name, last_name, degree, classification, college) values ('4788-44992', 'Roger', 'Pierce', 'Wilson', 'BSEE', 'Masteral', 'CAS');
insert into student (student_number, given_name, middle_name, last_name, degree, classification, college) values ('6399-33307', 'Joshua', 'Griffin', 'Hughes', 'BACA', 'PhD', 'CEAT');
insert into student (student_number, given_name, middle_name, last_name, degree, classification, college) values ('9166-69694', 'Donald', 'Matthews', 'Watkins', 'BSEE', 'Junior', 'CAS');
insert into student (student_number, given_name, middle_name, last_name, degree, classification, college) values ('5839-91087', 'Billy', 'Hernandez', 'Ford', 'BSDC', 'Junior', 'CAS');
insert into student (student_number, given_name, middle_name, last_name, degree, classification, college) values ('6719-90786', 'Margaret', 'Marshall', 'Peterson', 'BSCS', 'PhD', 'CEAT');
insert into student (student_number, given_name, middle_name, last_name, degree, classification, college) values ('8335-82815', 'Janice', 'Olson', 'Mcdonald', 'BACA', 'Freshman', 'CAS');
insert into student (student_number, given_name, middle_name, last_name, degree, classification, college) values ('7049-12073', 'William', 'Cruz', 'Hall', 'BSCS', 'Masteral', 'CEAT');
insert into student (student_number, given_name, middle_name, last_name, degree, classification, college) values ('2797-71245', 'Sean', 'Spencer', 'Stewart', 'BSIE', 'Freshman', 'CEAT');
insert into student (student_number, given_name, middle_name, last_name, degree, classification, college) values ('1640-56028', 'Ruth', 'Pierce', 'Larson', 'BSDC', 'Senior', 'CDC');
insert into student (student_number, given_name, middle_name, last_name, degree, classification, college) values ('2189-22922', 'Paul', 'Flores', 'Hamilton', 'BSEE', 'Junior', 'CEAT');
insert into student (student_number, given_name, middle_name, last_name, degree, classification, college) values ('1641-61340', 'Paula', 'Tucker', 'Young', 'BSEE', 'Freshman', 'CEAT');
insert into student (student_number, given_name, middle_name, last_name, degree, classification, college) values ('7457-91622', 'Ryan', 'Carpenter', 'Moreno', 'BSSTAT', 'Junior', 'CDC');
insert into student (student_number, given_name, middle_name, last_name, degree, classification, college) values ('1870-33572', 'Nicholas', 'Frazier', 'Berry', 'BACA', 'Freshman', 'CEAT');
insert into student (student_number, given_name, middle_name, last_name, degree, classification, college) values ('6011-09408', 'Phillip', 'Ryan', 'Scott', 'BSDC', 'Masteral', 'CDC');
insert into student (student_number, given_name, middle_name, last_name, degree, classification, college) values ('8127-76457', 'Jeffrey', 'Garza', 'Matthews', 'BSSTAT', 'Senior', 'CEAT');
insert into student (student_number, given_name, middle_name, last_name, degree, classification, college) values ('1078-76840', 'Cheryl', 'Howard', 'Rice', 'BSSTAT', 'Freshman', 'CEAT');
insert into student (student_number, given_name, middle_name, last_name, degree, classification, college) values ('0374-22514', 'Fred', 'Parker', 'Little', 'BACA', 'Sophomore', 'CDC');
insert into student (student_number, given_name, middle_name, last_name, degree, classification, college) values ('4980-01046', 'Martin', 'Hansen', 'Reyes', 'BACA', 'Masteral', 'CEAT');
insert into student (student_number, given_name, middle_name, last_name, degree, classification, college) values ('4115-63184', 'Michelle', 'Ferguson', 'Ramirez', 'BACA', 'Freshman', 'CAS');
insert into student (student_number, given_name, middle_name, last_name, degree, classification, college) values ('3078-44049', 'Alan', 'Jones', 'Wheeler', 'BSEE', 'Senior', 'CDC');
insert into student (student_number, given_name, middle_name, last_name, degree, classification, college) values ('2489-38766', 'Shirley', 'Price', 'Bailey', 'BSCS', 'Junior', 'CDC');
insert into student (student_number, given_name, middle_name, last_name, degree, classification, college) values ('3541-03527', 'Jessica', 'Thomas', 'Ross', 'BSSTAT', 'Masteral', 'CEAT');
insert into student (student_number, given_name, middle_name, last_name, degree, classification, college) values ('7037-03634', 'Steven', 'Walker', 'Kelly', 'BSEE', 'Sophomore', 'CEAT');
insert into student (student_number, given_name, middle_name, last_name, degree, classification, college) values ('3818-93445', 'Thomas', 'Frazier', 'Taylor', 'BSDC', 'Senior', 'CAS');
insert into student (student_number, given_name, middle_name, last_name, degree, classification, college) values ('2703-02027', 'Linda', 'Collins', 'Burns', 'BSSTAT', 'PhD', 'CAS');
insert into student (student_number, given_name, middle_name, last_name, degree, classification, college) values ('5773-28161', 'Jason', 'Mills', 'Austin', 'BACA', 'Junior', 'CEAT');
insert into student (student_number, given_name, middle_name, last_name, degree, classification, college) values ('5390-03293', 'Matthew', 'Burton', 'Long', 'BSEE', 'Freshman', 'CAS');
insert into student (student_number, given_name, middle_name, last_name, degree, classification, college) values ('6071-81586', 'Karen', 'Matthews', 'Wallace', 'BSEE', 'Freshman', 'CDC');
insert into student (student_number, given_name, middle_name, last_name, degree, classification, college) values ('2723-60530', 'Joe', 'Carroll', 'Banks', 'BSIE', 'Junior', 'CDC');
insert into student (student_number, given_name, middle_name, last_name, degree, classification, college) values ('3058-93189', 'Sara', 'West', 'Torres', 'BSSTAT', 'Freshman', 'CDC');
insert into student (student_number, given_name, middle_name, last_name, degree, classification, college) values ('4808-10433', 'Joshua', 'Jordan', 'Wells', 'BACA', 'Masteral', 'CAS');
insert into student (student_number, given_name, middle_name, last_name, degree, classification, college) values ('0097-68147', 'Linda', 'James', 'Riley', 'BACA', 'PhD', 'CEAT');
insert into student (student_number, given_name, middle_name, last_name, degree, classification, college) values ('0075-23827', 'Jeffrey', 'Harvey', 'Bailey', 'BSEE', 'Senior', 'CEAT');
insert into student (student_number, given_name, middle_name, last_name, degree, classification, college) values ('9645-47481', 'Dorothy', 'Hill', 'Kelley', 'BSSTAT', 'Freshman', 'CEAT');
insert into student (student_number, given_name, middle_name, last_name, degree, classification, college) values ('2292-26626', 'Heather', 'Carr', 'Harvey', 'BACA', 'Masteral', 'CAS');
insert into student (student_number, given_name, middle_name, last_name, degree, classification, college) values ('2432-47368', 'Jerry', 'Peters', 'Peters', 'BSCS', 'Sophomore', 'CAS');
insert into student (student_number, given_name, middle_name, last_name, degree, classification, college) values ('2422-90884', 'Sean', 'Baker', 'Hunter', 'BSCS', 'Freshman', 'CEAT');
insert into student (student_number, given_name, middle_name, last_name, degree, classification, college) values ('3032-52524', 'Ernest', 'Dunn', 'Sanchez', 'BSDC', 'Junior', 'CAS');
insert into student (student_number, given_name, middle_name, last_name, degree, classification, college) values ('4670-01122', 'Dorothy', 'Hunter', 'Perez', 'BSDC', 'Sophomore', 'CAS');
insert into student (student_number, given_name, middle_name, last_name, degree, classification, college) values ('7551-80630', 'Jessica', 'Mitchell', 'Taylor', 'BACA', 'PhD', 'CDC');
insert into student (student_number, given_name, middle_name, last_name, degree, classification, college) values ('4790-38574', 'Bobby', 'Harvey', 'Bennett', 'BSDC', 'PhD', 'CAS');
insert into student (student_number, given_name, middle_name, last_name, degree, classification, college) values ('9480-63312', 'Carlos', 'Butler', 'Schmidt', 'BSEE', 'Senior', 'CAS');
insert into student (student_number, given_name, middle_name, last_name, degree, classification, college) values ('7019-26222', 'Howard', 'Clark', 'Nguyen', 'BSSTAT', 'PhD', 'CEAT');
insert into student (student_number, given_name, middle_name, last_name, degree, classification, college) values ('9619-81960', 'Irene', 'Franklin', 'Wheeler', 'BSDC', 'Masteral', 'CEAT');
insert into student (student_number, given_name, middle_name, last_name, degree, classification, college) values ('4501-16523', 'Earl', 'Chavez', 'Lawrence', 'BACA', 'PhD', 'CDC');
insert into student (student_number, given_name, middle_name, last_name, degree, classification, college) values ('3799-91153', 'Alan', 'Hamilton', 'Lewis', 'BSEE', 'Masteral', 'CEAT');
insert into student (student_number, given_name, middle_name, last_name, degree, classification, college) values ('1725-38257', 'Christine', 'Hart', 'Hunt', 'BSCS', 'Sophomore', 'CEAT');
insert into student (student_number, given_name, middle_name, last_name, degree, classification, college) values ('0930-71543', 'Marilyn', 'Gibson', 'Peterson', 'BSSTAT', 'PhD', 'CEAT');
insert into student (student_number, given_name, middle_name, last_name, degree, classification, college) values ('6025-95860', 'Nancy', 'Simmons', 'Parker', 'BSCS', 'Freshman', 'CDC');
insert into student (student_number, given_name, middle_name, last_name, degree, classification, college) values ('2504-11256', 'Robert', 'George', 'Gutierrez', 'BSEE', 'PhD', 'CDC');
insert into student (student_number, given_name, middle_name, last_name, degree, classification, college) values ('4553-87373', 'Clarence', 'Burke', 'Burke', 'BSDC', 'Senior', 'CDC');
insert into student (student_number, given_name, middle_name, last_name, degree, classification, college) values ('9289-95510', 'Kathy', 'Crawford', 'Vasquez', 'BSDC', 'Sophomore', 'CAS');
insert into student (student_number, given_name, middle_name, last_name, degree, classification, college) values ('3365-26956', 'Pamela', 'Hunter', 'Lawson', 'BSCS', 'Junior', 'CEAT');
insert into student (student_number, given_name, middle_name, last_name, degree, classification, college) values ('3058-39571', 'Kevin', 'Mccoy', 'Larson', 'BACA', 'Sophomore', 'CEAT');
insert into student (student_number, given_name, middle_name, last_name, degree, classification, college) values ('8575-62341', 'Mark', 'Wallace', 'Wilson', 'BSIE', 'Masteral', 'CDC');
insert into student (student_number, given_name, middle_name, last_name, degree, classification, college) values ('3994-48207', 'Cheryl', 'Bryant', 'Reynolds', 'BSSTAT', 'Freshman', 'CDC');
insert into student (student_number, given_name, middle_name, last_name, degree, classification, college) values ('0245-83563', 'Roger', 'Perez', 'Dunn', 'BACA', 'Senior', 'CEAT');
insert into student (student_number, given_name, middle_name, last_name, degree, classification, college) values ('0472-03515', 'Billy', 'Sims', 'Willis', 'BSSTAT', 'Sophomore', 'CAS');
insert into student (student_number, given_name, middle_name, last_name, degree, classification, college) values ('9238-10574', 'Jonathan', 'Peterson', 'Harvey', 'BSDC', 'Junior', 'CDC');
insert into student (student_number, given_name, middle_name, last_name, degree, classification, college) values ('6468-89976', 'Ralph', 'Bell', 'Ruiz', 'BSDC', 'Junior', 'CEAT');
insert into student (student_number, given_name, middle_name, last_name, degree, classification, college) values ('0350-80599', 'Heather', 'Andrews', 'Austin', 'BSEE', 'Sophomore', 'CDC');
insert into student (student_number, given_name, middle_name, last_name, degree, classification, college) values ('0110-58035', 'Ruth', 'Montgomery', 'Crawford', 'BACA', 'Freshman', 'CAS');
insert into student (student_number, given_name, middle_name, last_name, degree, classification, college) values ('0688-73434', 'Arthur', 'Morrison', 'Harvey', 'BACA', 'Sophomore', 'CEAT');
insert into student (student_number, given_name, middle_name, last_name, degree, classification, college) values ('3687-15001', 'Roy', 'Murphy', 'Payne', 'BSEE', 'PhD', 'CEAT');
insert into student (student_number, given_name, middle_name, last_name, degree, classification, college) values ('1268-50056', 'Louis', 'Reed', 'Hall', 'BSSTAT', 'Masteral', 'CAS');
insert into student (student_number, given_name, middle_name, last_name, degree, classification, college) values ('5796-67838', 'Michael', 'Davis', 'Mendoza', 'BSEE', 'Freshman', 'CDC');
insert into student (student_number, given_name, middle_name, last_name, degree, classification, college) values ('5155-98600', 'Steven', 'Bennett', 'Banks', 'BACA', 'Senior', 'CAS');
insert into student (student_number, given_name, middle_name, last_name, degree, classification, college) values ('6110-86562', 'Joyce', 'Robertson', 'Lawrence', 'BSSTAT', 'PhD', 'CEAT');
insert into student (student_number, given_name, middle_name, last_name, degree, classification, college) values ('2339-37913', 'David', 'Murphy', 'Cox', 'BSCS', 'PhD', 'CDC');
insert into student (student_number, given_name, middle_name, last_name, degree, classification, college) values ('6712-51855', 'Cheryl', 'Stone', 'Nelson', 'BSDC', 'Sophomore', 'CEAT');
insert into student (student_number, given_name, middle_name, last_name, degree, classification, college) values ('5943-29618', 'Jeffrey', 'Garza', 'Porter', 'BSEE', 'Masteral', 'CDC');
insert into student (student_number, given_name, middle_name, last_name, degree, classification, college) values ('8443-82397', 'Gerald', 'Burns', 'Olson', 'BACA', 'Sophomore', 'CDC');
insert into student (student_number, given_name, middle_name, last_name, degree, classification, college) values ('9658-57987', 'Eric', 'Cooper', 'Stevens', 'BSSTAT', 'Junior', 'CEAT');
insert into student (student_number, given_name, middle_name, last_name, degree, classification, college) values ('1032-80488', 'Justin', 'King', 'Williamson', 'BSCS', 'PhD', 'CDC');
insert into student (student_number, given_name, middle_name, last_name, degree, classification, college) values ('4410-48085', 'Shirley', 'Hunter', 'Cox', 'BSIE', 'Masteral', 'CDC');
insert into student (student_number, given_name, middle_name, last_name, degree, classification, college) values ('9494-77682', 'Carol', 'Bell', 'Brooks', 'BSSTAT', 'Junior', 'CAS');
insert into student (student_number, given_name, middle_name, last_name, degree, classification, college) values ('2139-87310', 'Jean', 'Moreno', 'Murphy', 'BSDC', 'Sophomore', 'CEAT');
insert into student (student_number, given_name, middle_name, last_name, degree, classification, college) values ('7582-47175', 'Matthew', 'Gutierrez', 'Reynolds', 'BSSTAT', 'Masteral', 'CDC');
insert into student (student_number, given_name, middle_name, last_name, degree, classification, college) values ('4505-52960', 'Mildred', 'James', 'Greene', 'BSDC', 'Masteral', 'CDC');
insert into student (student_number, given_name, middle_name, last_name, degree, classification, college) values ('7146-71081', 'James', 'Welch', 'Bailey', 'BSSTAT', 'Freshman', 'CDC');
insert into student (student_number, given_name, middle_name, last_name, degree, classification, college) values ('5427-32182', 'Frank', 'Moreno', 'Hamilton', 'BSCS', 'Junior', 'CAS');
insert into student (student_number, given_name, middle_name, last_name, degree, classification, college) values ('3610-42251', 'Craig', 'Meyer', 'Stevens', 'BSSTAT', 'PhD', 'CDC');
insert into student (student_number, given_name, middle_name, last_name, degree, classification, college) values ('6769-73163', 'Matthew', 'Anderson', 'Carroll', 'BSDC', 'Senior', 'CEAT');
insert into student (student_number, given_name, middle_name, last_name, degree, classification, college) values ('1964-61879', 'Joan', 'Payne', 'Bell', 'BSIE', 'Sophomore', 'CDC');
insert into student (student_number, given_name, middle_name, last_name, degree, classification, college) values ('4309-34302', 'Denise', 'Greene', 'Flores', 'BSIE', 'Senior', 'CEAT');
insert into student (student_number, given_name, middle_name, last_name, degree, classification, college) values ('3509-44434', 'Sarah', 'Chapman', 'Burns', 'BSEE', 'Masteral', 'CAS');
insert into student (student_number, given_name, middle_name, last_name, degree, classification, college) values ('9079-47208', 'Teresa', 'Knight', 'Nelson', 'BSCS', 'Sophomore', 'CEAT');
insert into student (student_number, given_name, middle_name, last_name, degree, classification, college) values ('6555-82200', 'Timothy', 'Mccoy', 'Walker', 'BSDC', 'Freshman', 'CAS');
insert into student (student_number, given_name, middle_name, last_name, degree, classification, college) values ('3857-99385', 'Irene', 'Jackson', 'Hunt', 'BSDC', 'Masteral', 'CAS');
insert into student (student_number, given_name, middle_name, last_name, degree, classification, college) values ('4263-94139', 'Aaron', 'Mcdonald', 'Powell', 'BACA', 'PhD', 'CEAT');
insert into student (student_number, given_name, middle_name, last_name, degree, classification, college) values ('5005-36448', 'Edward', 'Andrews', 'Wagner', 'BSSTAT', 'Freshman', 'CEAT');
insert into student (student_number, given_name, middle_name, last_name, degree, classification, college) values ('9246-32693', 'Ronald', 'Gilbert', 'Sullivan', 'BSSTAT', 'Senior', 'CDC');
insert into student (student_number, given_name, middle_name, last_name, degree, classification, college) values ('1479-17602', 'Elizabeth', 'Mason', 'Warren', 'BSDC', 'Freshman', 'CDC');
insert into student (student_number, given_name, middle_name, last_name, degree, classification, college) values ('7843-54749', 'Scott', 'West', 'Scott', 'BSEE', 'Senior', 'CDC');
insert into student (student_number, given_name, middle_name, last_name, degree, classification, college) values ('1704-51350', 'Judy', 'Johnston', 'Wallace', 'BSSTAT', 'Junior', 'CAS');
insert into student (student_number, given_name, middle_name, last_name, degree, classification, college) values ('8266-50646', 'Janice', 'Thompson', 'Hart', 'BSEE', 'Sophomore', 'CDC');
insert into student (student_number, given_name, middle_name, last_name, degree, classification, college) values ('0152-54690', 'Jose', 'Owens', 'Watkins', 'BACA', 'Junior', 'CDC');
insert into student (student_number, given_name, middle_name, last_name, degree, classification, college) values ('1288-66887', 'Cynthia', 'Daniels', 'Murphy', 'BSDC', 'Senior', 'CAS');
insert into student (student_number, given_name, middle_name, last_name, degree, classification, college) values ('6942-19371', 'Martin', 'Wilson', 'Daniels', 'BSEE', 'Masteral', 'CEAT');
insert into student (student_number, given_name, middle_name, last_name, degree, classification, college) values ('0069-44609', 'Evelyn', 'Reid', 'Reid', 'BSIE', 'Sophomore', 'CDC');
insert into student (student_number, given_name, middle_name, last_name, degree, classification, college) values ('1527-17963', 'Louis', 'Carpenter', 'Franklin', 'BSSTAT', 'PhD', 'CAS');
insert into student (student_number, given_name, middle_name, last_name, degree, classification, college) values ('6543-96129', 'Albert', 'Larson', 'Ellis', 'BSCS', 'PhD', 'CDC');
insert into student (student_number, given_name, middle_name, last_name, degree, classification, college) values ('6429-67699', 'Dorothy', 'Clark', 'Miller', 'BSSTAT', 'Masteral', 'CEAT');
insert into student (student_number, given_name, middle_name, last_name, degree, classification, college) values ('5049-75748', 'Teresa', 'Allen', 'Larson', 'BSDC', 'Masteral', 'CAS');
insert into student (student_number, given_name, middle_name, last_name, degree, classification, college) values ('6543-31259', 'Judy', 'Murphy', 'Ryan', 'BSDC', 'Freshman', 'CDC');
insert into student (student_number, given_name, middle_name, last_name, degree, classification, college) values ('5224-76001', 'Nicholas', 'Welch', 'Dunn', 'BACA', 'Junior', 'CAS');
insert into student (student_number, given_name, middle_name, last_name, degree, classification, college) values ('3382-71918', 'Martha', 'Sanchez', 'Hayes', 'BACA', 'PhD', 'CEAT');
insert into student (student_number, given_name, middle_name, last_name, degree, classification, college) values ('9906-47480', 'Doris', 'Hawkins', 'Sims', 'BSIE', 'Senior', 'CEAT');
insert into student (student_number, given_name, middle_name, last_name, degree, classification, college) values ('8209-14088', 'Elizabeth', 'Snyder', 'Cooper', 'BACA', 'Junior', 'CAS');
insert into student (student_number, given_name, middle_name, last_name, degree, classification, college) values ('8766-51273', 'Willie', 'Williams', 'Roberts', 'BSDC', 'PhD', 'CEAT');
insert into student (student_number, given_name, middle_name, last_name, degree, classification, college) values ('4636-76651', 'Dorothy', 'Cox', 'Ramos', 'BSSTAT', 'Masteral', 'CAS');
insert into student (student_number, given_name, middle_name, last_name, degree, classification, college) values ('5922-63406', 'Jessica', 'Fields', 'Dunn', 'BSDC', 'Freshman', 'CDC');
insert into student (student_number, given_name, middle_name, last_name, degree, classification, college) values ('4934-51388', 'Carolyn', 'Lawson', 'Simpson', 'BSDC', 'Senior', 'CAS');
insert into student (student_number, given_name, middle_name, last_name, degree, classification, college) values ('9062-66359', 'Janice', 'Lopez', 'Lawrence', 'BSCS', 'Senior', 'CEAT');
insert into student (student_number, given_name, middle_name, last_name, degree, classification, college) values ('8749-88977', 'Katherine', 'Bishop', 'Adams', 'BSSTAT', 'Masteral', 'CEAT');
insert into student (student_number, given_name, middle_name, last_name, degree, classification, college) values ('3621-60329', 'Albert', 'Phillips', 'Fernandez', 'BSDC', 'Masteral', 'CAS');
insert into student (student_number, given_name, middle_name, last_name, degree, classification, college) values ('4041-97759', 'Alan', 'Ruiz', 'Woods', 'BSDC', 'Senior', 'CEAT');
insert into student (student_number, given_name, middle_name, last_name, degree, classification, college) values ('9028-73862', 'Jerry', 'Powell', 'Tucker', 'BSDC', 'Senior', 'CAS');
insert into student (student_number, given_name, middle_name, last_name, degree, classification, college) values ('3445-31755', 'Sean', 'Bennett', 'Montgomery', 'BACA', 'PhD', 'CAS');
insert into student (student_number, given_name, middle_name, last_name, degree, classification, college) values ('4180-49032', 'Kathleen', 'Stevens', 'Howell', 'BSIE', 'Masteral', 'CDC');
insert into student (student_number, given_name, middle_name, last_name, degree, classification, college) values ('7978-52798', 'Julia', 'Black', 'Kennedy', 'BACA', 'Freshman', 'CEAT');
insert into student (student_number, given_name, middle_name, last_name, degree, classification, college) values ('6226-14364', 'Howard', 'Black', 'Graham', 'BSDC', 'Senior', 'CEAT');
insert into student (student_number, given_name, middle_name, last_name, degree, classification, college) values ('2050-93950', 'Larry', 'Tucker', 'Reyes', 'BSIE', 'Sophomore', 'CAS');
insert into student (student_number, given_name, middle_name, last_name, degree, classification, college) values ('9639-50884', 'Mark', 'Diaz', 'Garrett', 'BSSTAT', 'Junior', 'CAS');
insert into student (student_number, given_name, middle_name, last_name, degree, classification, college) values ('8294-16599', 'Edward', 'Ortiz', 'Moore', 'BSIE', 'Freshman', 'CDC');
insert into student (student_number, given_name, middle_name, last_name, degree, classification, college) values ('0591-87844', 'Kenneth', 'Holmes', 'Carter', 'BSIE', 'Sophomore', 'CAS');
insert into student (student_number, given_name, middle_name, last_name, degree, classification, college) values ('9138-17296', 'Wayne', 'Young', 'Bishop', 'BSDC', 'Masteral', 'CDC');
insert into student (student_number, given_name, middle_name, last_name, degree, classification, college) values ('0649-16598', 'Amanda', 'Holmes', 'Jenkins', 'BSEE', 'Freshman', 'CDC');
insert into student (student_number, given_name, middle_name, last_name, degree, classification, college) values ('6223-10410', 'Gregory', 'James', 'Holmes', 'BSEE', 'Masteral', 'CEAT');
insert into student (student_number, given_name, middle_name, last_name, degree, classification, college) values ('0611-31392', 'Patrick', 'Ortiz', 'Martin', 'BSIE', 'Sophomore', 'CDC');
insert into student (student_number, given_name, middle_name, last_name, degree, classification, college) values ('1778-12077', 'Justin', 'Grant', 'Thompson', 'BSCS', 'Masteral', 'CEAT');
insert into student (student_number, given_name, middle_name, last_name, degree, classification, college) values ('9303-08023', 'Wayne', 'Perez', 'Wright', 'BSIE', 'Sophomore', 'CEAT');
insert into student (student_number, given_name, middle_name, last_name, degree, classification, college) values ('5107-27432', 'Judy', 'Mitchell', 'Roberts', 'BSIE', 'Senior', 'CEAT');
insert into student (student_number, given_name, middle_name, last_name, degree, classification, college) values ('6093-43171', 'Sharon', 'Turner', 'Johnson', 'BSSTAT', 'Junior', 'CAS');
insert into student (student_number, given_name, middle_name, last_name, degree, classification, college) values ('2424-73244', 'Linda', 'Ward', 'Scott', 'BSSTAT', 'Sophomore', 'CAS');
insert into student (student_number, given_name, middle_name, last_name, degree, classification, college) values ('2524-34306', 'Shirley', 'Black', 'Andrews', 'BACA', 'Masteral', 'CAS');
insert into student (student_number, given_name, middle_name, last_name, degree, classification, college) values ('7556-09244', 'Ronald', 'Knight', 'Morris', 'BSEE', 'Masteral', 'CEAT');
insert into student (student_number, given_name, middle_name, last_name, degree, classification, college) values ('7101-76286', 'Albert', 'Simpson', 'Jenkins', 'BACA', 'Senior', 'CDC');
insert into student (student_number, given_name, middle_name, last_name, degree, classification, college) values ('2982-57653', 'Richard', 'Morgan', 'Henry', 'BSIE', 'Sophomore', 'CAS');
insert into student (student_number, given_name, middle_name, last_name, degree, classification, college) values ('8356-29710', 'Raymond', 'Adams', 'Simmons', 'BACA', 'PhD', 'CDC');
insert into student (student_number, given_name, middle_name, last_name, degree, classification, college) values ('3509-18999', 'Debra', 'Hanson', 'Boyd', 'BSCS', 'Sophomore', 'CAS');
insert into student (student_number, given_name, middle_name, last_name, degree, classification, college) values ('0933-65198', 'Louis', 'Ellis', 'Bryant', 'BSSTAT', 'Junior', 'CEAT');
insert into student (student_number, given_name, middle_name, last_name, degree, classification, college) values ('2247-66761', 'Jack', 'Cook', 'Murphy', 'BSSTAT', 'Masteral', 'CEAT');
insert into student (student_number, given_name, middle_name, last_name, degree, classification, college) values ('5357-67381', 'Sarah', 'Perkins', 'Chapman', 'BACA', 'Masteral', 'CAS');
insert into student (student_number, given_name, middle_name, last_name, degree, classification, college) values ('0356-11986', 'Janet', 'Burns', 'Larson', 'BSCS', 'PhD', 'CEAT');
insert into student (student_number, given_name, middle_name, last_name, degree, classification, college) values ('0569-12063', 'Sharon', 'Stewart', 'Hart', 'BSSTAT', 'Freshman', 'CEAT');
insert into student (student_number, given_name, middle_name, last_name, degree, classification, college) values ('2553-95787', 'Bonnie', 'Castillo', 'Montgomery', 'BSIE', 'Masteral', 'CDC');
insert into student (student_number, given_name, middle_name, last_name, degree, classification, college) values ('3612-23242', 'Marie', 'Palmer', 'Edwards', 'BSEE', 'Junior', 'CDC');
insert into student (student_number, given_name, middle_name, last_name, degree, classification, college) values ('8930-49756', 'Ralph', 'Harper', 'Anderson', 'BSSTAT', 'Junior', 'CAS');
insert into student (student_number, given_name, middle_name, last_name, degree, classification, college) values ('4503-72987', 'Raymond', 'Wagner', 'Mason', 'BSEE', 'Masteral', 'CEAT');
insert into student (student_number, given_name, middle_name, last_name, degree, classification, college) values ('9691-78574', 'Wanda', 'Owens', 'Robertson', 'BSDC', 'Masteral', 'CDC');
insert into student (student_number, given_name, middle_name, last_name, degree, classification, college) values ('0048-95224', 'Judith', 'Lawrence', 'Morris', 'BSEE', 'Masteral', 'CAS');
insert into student (student_number, given_name, middle_name, last_name, degree, classification, college) values ('0647-73897', 'Ralph', 'Patterson', 'Shaw', 'BSIE', 'Junior', 'CEAT');
insert into student (student_number, given_name, middle_name, last_name, degree, classification, college) values ('1312-66028', 'Keith', 'Porter', 'Myers', 'BSSTAT', 'Freshman', 'CEAT');
insert into student (student_number, given_name, middle_name, last_name, degree, classification, college) values ('0949-64149', 'Mary', 'Long', 'Lawrence', 'BSEE', 'Senior', 'CEAT');
insert into student (student_number, given_name, middle_name, last_name, degree, classification, college) values ('6180-00932', 'Johnny', 'Jordan', 'Smith', 'BSIE', 'Masteral', 'CAS');
insert into student (student_number, given_name, middle_name, last_name, degree, classification, college) values ('3141-82456', 'Laura', 'Richards', 'Hunter', 'BSEE', 'Sophomore', 'CAS');
insert into student (student_number, given_name, middle_name, last_name, degree, classification, college) values ('3366-30376', 'Ruby', 'Peterson', 'Little', 'BSSTAT', 'Freshman', 'CDC');
insert into student (student_number, given_name, middle_name, last_name, degree, classification, college) values ('8810-69819', 'John', 'Jones', 'Bennett', 'BSEE', 'Masteral', 'CAS');
insert into student (student_number, given_name, middle_name, last_name, degree, classification, college) values ('1856-01974', 'Ronald', 'Henry', 'Morgan', 'BSIE', 'Masteral', 'CDC');
insert into student (student_number, given_name, middle_name, last_name, degree, classification, college) values ('5389-27691', 'Christine', 'Bell', 'Stevens', 'BACA', 'Sophomore', 'CAS');
insert into student (student_number, given_name, middle_name, last_name, degree, classification, college) values ('8950-70004', 'Ryan', 'Stone', 'Barnes', 'BSDC', 'Freshman', 'CEAT');
insert into student (student_number, given_name, middle_name, last_name, degree, classification, college) values ('5360-37997', 'Kevin', 'Lawrence', 'Adams', 'BACA', 'Junior', 'CAS');
insert into student (student_number, given_name, middle_name, last_name, degree, classification, college) values ('6176-42123', 'Ralph', 'Johnston', 'Green', 'BSDC', 'PhD', 'CDC');
insert into student (student_number, given_name, middle_name, last_name, degree, classification, college) values ('8102-78182', 'Keith', 'Turner', 'Medina', 'BSIE', 'Freshman', 'CAS');
insert into student (student_number, given_name, middle_name, last_name, degree, classification, college) values ('9108-57520', 'Edward', 'Sanchez', 'Matthews', 'BSEE', 'Sophomore', 'CDC');
insert into student (student_number, given_name, middle_name, last_name, degree, classification, college) values ('1633-26346', 'Earl', 'Hart', 'Flores', 'BSIE', 'Masteral', 'CDC');
insert into student (student_number, given_name, middle_name, last_name, degree, classification, college) values ('6509-42010', 'Tammy', 'Grant', 'Williamson', 'BSDC', 'Junior', 'CEAT');
insert into student (student_number, given_name, middle_name, last_name, degree, classification, college) values ('4480-32969', 'Jean', 'Hunter', 'Peters', 'BSSTAT', 'Freshman', 'CDC');
insert into student (student_number, given_name, middle_name, last_name, degree, classification, college) values ('8924-37056', 'Randy', 'Vasquez', 'Baker', 'BSCS', 'Senior', 'CEAT');
insert into student (student_number, given_name, middle_name, last_name, degree, classification, college) values ('9192-57927', 'Mildred', 'Banks', 'Howard', 'BACA', 'PhD', 'CAS');
insert into student (student_number, given_name, middle_name, last_name, degree, classification, college) values ('8300-15302', 'Jose', 'Ward', 'Burke', 'BSCS', 'Sophomore', 'CAS');
insert into student (student_number, given_name, middle_name, last_name, degree, classification, college) values ('8453-68813', 'William', 'Greene', 'Day', 'BSIE', 'Senior', 'CEAT');
insert into student (student_number, given_name, middle_name, last_name, degree, classification, college) values ('1291-58761', 'Betty', 'Weaver', 'Burke', 'BSDC', 'Sophomore', 'CAS');
insert into student (student_number, given_name, middle_name, last_name, degree, classification, college) values ('3359-73449', 'Cheryl', 'Collins', 'Marshall', 'BSEE', 'Junior', 'CAS');
insert into student (student_number, given_name, middle_name, last_name, degree, classification, college) values ('8342-44187', 'Janet', 'Owens', 'Hanson', 'BACA', 'Junior', 'CEAT');
insert into student (student_number, given_name, middle_name, last_name, degree, classification, college) values ('7548-01244', 'Shawn', 'Owens', 'Sanchez', 'BACA', 'PhD', 'CAS');
insert into student (student_number, given_name, middle_name, last_name, degree, classification, college) values ('6633-53651', 'Ryan', 'Ryan', 'Ferguson', 'BSIE', 'Sophomore', 'CAS');
insert into student (student_number, given_name, middle_name, last_name, degree, classification, college) values ('4460-27952', 'William', 'Jones', 'Stone', 'BSIE', 'Masteral', 'CAS');
insert into student (student_number, given_name, middle_name, last_name, degree, classification, college) values ('5681-10619', 'Carl', 'Burns', 'White', 'BSEE', 'Masteral', 'CDC');
insert into student (student_number, given_name, middle_name, last_name, degree, classification, college) values ('8641-69364', 'Nancy', 'Johnson', 'Cook', 'BSDC', 'Senior', 'CEAT');
insert into student (student_number, given_name, middle_name, last_name, degree, classification, college) values ('6088-16848', 'Shirley', 'Perkins', 'Carroll', 'BACA', 'Masteral', 'CDC');
insert into student (student_number, given_name, middle_name, last_name, degree, classification, college) values ('2468-91639', 'Jennifer', 'Reid', 'Ryan', 'BSSTAT', 'Junior', 'CEAT');
insert into student (student_number, given_name, middle_name, last_name, degree, classification, college) values ('2049-06588', 'Donald', 'Hughes', 'Harper', 'BSEE', 'Masteral', 'CEAT');
insert into student (student_number, given_name, middle_name, last_name, degree, classification, college) values ('3841-08904', 'Willie', 'Foster', 'Weaver', 'BSDC', 'Junior', 'CEAT');
insert into student (student_number, given_name, middle_name, last_name, degree, classification, college) values ('4401-72844', 'Harold', 'Scott', 'Dean', 'BSDC', 'Senior', 'CEAT');
insert into student (student_number, given_name, middle_name, last_name, degree, classification, college) values ('3234-23623', 'Jeremy', 'Richards', 'Williams', 'BACA', 'Masteral', 'CAS');
insert into student (student_number, given_name, middle_name, last_name, degree, classification, college) values ('8905-57407', 'Anna', 'Perry', 'Williamson', 'BSEE', 'Junior', 'CDC');
insert into student (student_number, given_name, middle_name, last_name, degree, classification, college) values ('4885-73105', 'Judy', 'Palmer', 'Ford', 'BACA', 'PhD', 'CAS');
insert into student (student_number, given_name, middle_name, last_name, degree, classification, college) values ('3175-45540', 'James', 'Black', 'Barnes', 'BSSTAT', 'Junior', 'CEAT');
insert into student (student_number, given_name, middle_name, last_name, degree, classification, college) values ('9485-42894', 'Joe', 'Robinson', 'Stevens', 'BSDC', 'Junior', 'CAS');
insert into student (student_number, given_name, middle_name, last_name, degree, classification, college) values ('0649-53564', 'Benjamin', 'Perez', 'Franklin', 'BSDC', 'Masteral', 'CAS');
insert into student (student_number, given_name, middle_name, last_name, degree, classification, college) values ('7292-02370', 'Willie', 'Turner', 'Sanchez', 'BSEE', 'Sophomore', 'CAS');
insert into student (student_number, given_name, middle_name, last_name, degree, classification, college) values ('9424-75187', 'Johnny', 'Young', 'Price', 'BSIE', 'Sophomore', 'CDC');
insert into student (student_number, given_name, middle_name, last_name, degree, classification, college) values ('8895-43256', 'Alan', 'Jackson', 'Little', 'BSCS', 'Sophomore', 'CAS');
insert into student (student_number, given_name, middle_name, last_name, degree, classification, college) values ('4445-58597', 'Melissa', 'Mills', 'Ford', 'BSDC', 'Sophomore', 'CEAT');
insert into student (student_number, given_name, middle_name, last_name, degree, classification, college) values ('7156-72616', 'Tina', 'Evans', 'Ortiz', 'BSDC', 'Senior', 'CAS');
insert into student (student_number, given_name, middle_name, last_name, degree, classification, college) values ('3574-40117', 'Daniel', 'Clark', 'Cook', 'BSSTAT', 'Freshman', 'CEAT');
insert into student (student_number, given_name, middle_name, last_name, degree, classification, college) values ('2827-63442', 'Chris', 'Reynolds', 'Ruiz', 'BSDC', 'Senior', 'CEAT');
insert into student (student_number, given_name, middle_name, last_name, degree, classification, college) values ('8283-93208', 'Walter', 'Barnes', 'Barnes', 'BSSTAT', 'PhD', 'CDC');
insert into student (student_number, given_name, middle_name, last_name, degree, classification, college) values ('7302-64268', 'Fred', 'Ryan', 'Jenkins', 'BSCS', 'Sophomore', 'CEAT');
insert into student (student_number, given_name, middle_name, last_name, degree, classification, college) values ('1879-02879', 'Carol', 'Watson', 'Day', 'BSDC', 'Senior', 'CDC');
insert into student (student_number, given_name, middle_name, last_name, degree, classification, college) values ('6755-72650', 'Phyllis', 'Gomez', 'Collins', 'BSDC', 'Sophomore', 'CEAT');
insert into student (student_number, given_name, middle_name, last_name, degree, classification, college) values ('4824-49305', 'Philip', 'Ruiz', 'Moreno', 'BACA', 'Junior', 'CAS');
insert into student (student_number, given_name, middle_name, last_name, degree, classification, college) values ('6972-18712', 'Russell', 'Gray', 'Hayes', 'BACA', 'Senior', 'CDC');
insert into student (student_number, given_name, middle_name, last_name, degree, classification, college) values ('6229-70293', 'Susan', 'Martin', 'Dixon', 'BACA', 'Senior', 'CAS');
insert into student (student_number, given_name, middle_name, last_name, degree, classification, college) values ('1741-86349', 'Patricia', 'Simpson', 'Jacobs', 'BSSTAT', 'PhD', 'CEAT');
insert into student (student_number, given_name, middle_name, last_name, degree, classification, college) values ('6280-01331', 'Julia', 'Garza', 'Coleman', 'BSEE', 'PhD', 'CDC');
insert into student (student_number, given_name, middle_name, last_name, degree, classification, college) values ('4470-82407', 'Steve', 'Hansen', 'Jenkins', 'BSEE', 'Senior', 'CEAT');
insert into student (student_number, given_name, middle_name, last_name, degree, classification, college) values ('3203-73836', 'Kathryn', 'Gonzales', 'Lawson', 'BSDC', 'Senior', 'CEAT');
insert into student (student_number, given_name, middle_name, last_name, degree, classification, college) values ('9336-29709', 'Wayne', 'Carroll', 'Riley', 'BSEE', 'Masteral', 'CAS');
insert into student (student_number, given_name, middle_name, last_name, degree, classification, college) values ('5131-22935', 'Ashley', 'Reynolds', 'Lewis', 'BACA', 'PhD', 'CEAT');
insert into student (student_number, given_name, middle_name, last_name, degree, classification, college) values ('7755-81961', 'Jimmy', 'Mendoza', 'Collins', 'BSIE', 'Masteral', 'CAS');
insert into student (student_number, given_name, middle_name, last_name, degree, classification, college) values ('9735-83194', 'Robin', 'Weaver', 'Mitchell', 'BSCS', 'Junior', 'CEAT');
insert into student (student_number, given_name, middle_name, last_name, degree, classification, college) values ('9229-99826', 'Rebecca', 'Griffin', 'Gonzales', 'BSCS', 'Junior', 'CEAT');
insert into student (student_number, given_name, middle_name, last_name, degree, classification, college) values ('9841-42275', 'Lois', 'Mason', 'Fox', 'BACA', 'Sophomore', 'CAS');
insert into student (student_number, given_name, middle_name, last_name, degree, classification, college) values ('3721-64943', 'Ruth', 'Weaver', 'Flores', 'BSEE', 'Senior', 'CAS');
insert into student (student_number, given_name, middle_name, last_name, degree, classification, college) values ('1286-77276', 'Robert', 'Spencer', 'Riley', 'BSCS', 'Junior', 'CAS');
insert into student (student_number, given_name, middle_name, last_name, degree, classification, college) values ('8378-68675', 'Virginia', 'Rodriguez', 'James', 'BSSTAT', 'Masteral', 'CDC');
insert into student (student_number, given_name, middle_name, last_name, degree, classification, college) values ('2261-34258', 'Shawn', 'Gonzales', 'Weaver', 'BSDC', 'Senior', 'CAS');
insert into student (student_number, given_name, middle_name, last_name, degree, classification, college) values ('4243-90442', 'Lawrence', 'Hernandez', 'West', 'BSCS', 'Senior', 'CEAT');
insert into student (student_number, given_name, middle_name, last_name, degree, classification, college) values ('4153-98386', 'Louise', 'Wheeler', 'Roberts', 'BSSTAT', 'Sophomore', 'CDC');
insert into student (student_number, given_name, middle_name, last_name, degree, classification, college) values ('5345-10569', 'Frank', 'Stevens', 'Holmes', 'BSSTAT', 'PhD', 'CEAT');
insert into student (student_number, given_name, middle_name, last_name, degree, classification, college) values ('7505-06053', 'Donna', 'Gutierrez', 'Murray', 'BSEE', 'Senior', 'CEAT');
insert into student (student_number, given_name, middle_name, last_name, degree, classification, college) values ('2219-45287', 'Jesse', 'Meyer', 'Taylor', 'BACA', 'Junior', 'CAS');
insert into student (student_number, given_name, middle_name, last_name, degree, classification, college) values ('8574-59700', 'Kathryn', 'Riley', 'Ray', 'BSCS', 'Junior', 'CEAT');
insert into student (student_number, given_name, middle_name, last_name, degree, classification, college) values ('7612-69435', 'Dorothy', 'Holmes', 'Simmons', 'BSCS', 'Senior', 'CAS');
insert into student (student_number, given_name, middle_name, last_name, degree, classification, college) values ('1943-78429', 'Donald', 'Cunningham', 'Fernandez', 'BSIE', 'Senior', 'CEAT');
insert into student (student_number, given_name, middle_name, last_name, degree, classification, college) values ('8110-18166', 'Ashley', 'Garza', 'Brooks', 'BSEE', 'Sophomore', 'CDC');
insert into student (student_number, given_name, middle_name, last_name, degree, classification, college) values ('5255-06590', 'Steve', 'Wilson', 'Gomez', 'BSDC', 'Sophomore', 'CEAT');
insert into student (student_number, given_name, middle_name, last_name, degree, classification, college) values ('2635-47778', 'Randy', 'Richardson', 'Adams', 'BSIE', 'Junior', 'CDC');
insert into student (student_number, given_name, middle_name, last_name, degree, classification, college) values ('9375-30583', 'Katherine', 'Lopez', 'Kennedy', 'BSDC', 'Sophomore', 'CDC');
insert into student (student_number, given_name, middle_name, last_name, degree, classification, college) values ('7423-18154', 'Denise', 'Ross', 'Parker', 'BSDC', 'Masteral', 'CEAT');
insert into student (student_number, given_name, middle_name, last_name, degree, classification, college) values ('6308-36511', 'Ronald', 'Dunn', 'Tucker', 'BSSTAT', 'Senior', 'CDC');
insert into student (student_number, given_name, middle_name, last_name, degree, classification, college) values ('0722-59536', 'Sandra', 'Sanders', 'Thomas', 'BSCS', 'Senior', 'CDC');
insert into student (student_number, given_name, middle_name, last_name, degree, classification, college) values ('2039-63894', 'Christopher', 'Phillips', 'Nichols', 'BACA', 'Junior', 'CAS');
insert into student (student_number, given_name, middle_name, last_name, degree, classification, college) values ('7058-91123', 'Nicole', 'Day', 'Cox', 'BSIE', 'Senior', 'CAS');
insert into student (student_number, given_name, middle_name, last_name, degree, classification, college) values ('0764-14804', 'Arthur', 'Hall', 'Morris', 'BSDC', 'Junior', 'CAS');
insert into student (student_number, given_name, middle_name, last_name, degree, classification, college) values ('6245-09337', 'Raymond', 'Nichols', 'Woods', 'BSDC', 'Freshman', 'CAS');
insert into student (student_number, given_name, middle_name, last_name, degree, classification, college) values ('8958-47164', 'Brenda', 'Bailey', 'Berry', 'BACA', 'Junior', 'CDC');
insert into student (student_number, given_name, middle_name, last_name, degree, classification, college) values ('6307-49154', 'Brandon', 'Fox', 'Ellis', 'BSCS', 'Senior', 'CEAT');
insert into student (student_number, given_name, middle_name, last_name, degree, classification, college) values ('2726-22699', 'Sean', 'Stephens', 'Hamilton', 'BSSTAT', 'Senior', 'CAS');
insert into student (student_number, given_name, middle_name, last_name, degree, classification, college) values ('6508-11175', 'Eric', 'Burke', 'Gonzales', 'BSDC', 'PhD', 'CDC');
insert into student (student_number, given_name, middle_name, last_name, degree, classification, college) values ('1109-51937', 'Peter', 'Berry', 'Lawson', 'BSDC', 'Freshman', 'CDC');
insert into student (student_number, given_name, middle_name, last_name, degree, classification, college) values ('9440-69073', 'Shawn', 'Weaver', 'Baker', 'BACA', 'Masteral', 'CEAT');

insert into student_section (ss_student_number, ss_section_id) values ('2543-71572', 1);
insert into student_section (ss_student_number, ss_section_id) values ('8259-87475', 1);
insert into student_section (ss_student_number, ss_section_id) values ('5837-37427', 1);
insert into student_section (ss_student_number, ss_section_id) values ('0653-02679', 1);
insert into student_section (ss_student_number, ss_section_id) values ('9894-33135', 1);
insert into student_section (ss_student_number, ss_section_id) values ('8247-29716', 1);
insert into student_section (ss_student_number, ss_section_id) values ('4374-46904', 1);
insert into student_section (ss_student_number, ss_section_id) values ('6196-72748', 1);
insert into student_section (ss_student_number, ss_section_id) values ('6537-38982', 1);
insert into student_section (ss_student_number, ss_section_id) values ('9612-57320', 1);
insert into student_section (ss_student_number, ss_section_id) values ('1888-20011', 1);
insert into student_section (ss_student_number, ss_section_id) values ('4441-47790', 1);
insert into student_section (ss_student_number, ss_section_id) values ('0991-03047', 1);
insert into student_section (ss_student_number, ss_section_id) values ('4782-07458', 1);
insert into student_section (ss_student_number, ss_section_id) values ('0177-77348', 1);
insert into student_section (ss_student_number, ss_section_id) values ('3623-82102', 1);
insert into student_section (ss_student_number, ss_section_id) values ('8356-29656', 1);
insert into student_section (ss_student_number, ss_section_id) values ('2130-92494', 1);
insert into student_section (ss_student_number, ss_section_id) values ('5471-27654', 1);
insert into student_section (ss_student_number, ss_section_id) values ('1920-30310', 1);

insert into student_section (ss_student_number, ss_section_id) values ('0182-06615', 2);
insert into student_section (ss_student_number, ss_section_id) values ('2502-54821', 2);
insert into student_section (ss_student_number, ss_section_id) values ('9295-45260', 2);
insert into student_section (ss_student_number, ss_section_id) values ('4925-80720', 2);
insert into student_section (ss_student_number, ss_section_id) values ('0954-50381', 2);
insert into student_section (ss_student_number, ss_section_id) values ('5296-12610', 2);
insert into student_section (ss_student_number, ss_section_id) values ('8366-68780', 2);
insert into student_section (ss_student_number, ss_section_id) values ('6484-43368', 2);
insert into student_section (ss_student_number, ss_section_id) values ('0100-91245', 2);
insert into student_section (ss_student_number, ss_section_id) values ('4677-43070', 2);
insert into student_section (ss_student_number, ss_section_id) values ('3240-86050', 2);
insert into student_section (ss_student_number, ss_section_id) values ('4612-54233', 2);
insert into student_section (ss_student_number, ss_section_id) values ('5457-02091', 2);
insert into student_section (ss_student_number, ss_section_id) values ('4876-31467', 2);
insert into student_section (ss_student_number, ss_section_id) values ('1044-34278', 2);
insert into student_section (ss_student_number, ss_section_id) values ('1100-87068', 2);
insert into student_section (ss_student_number, ss_section_id) values ('0580-07417', 2);
insert into student_section (ss_student_number, ss_section_id) values ('7455-36607', 2);
insert into student_section (ss_student_number, ss_section_id) values ('6198-53805', 2);
insert into student_section (ss_student_number, ss_section_id) values ('9513-36779', 2);

insert into  faculty_user_course_section (uc_user_id, uc_course_code, uc_section_id) values (1, 'cmsc123', 1);
insert into  faculty_user_course_section (uc_user_id, uc_course_code, uc_section_id) values (2, 'cmsc125', 2);
